playerID,yearID,stint,teamID,lgID,G,AB,R,H,2B,3B,HR,RBI,SB,CS,BB,SO,IBB,HBP,SH,SF,GIDP
acostjo01,1920,1,WS1,AL,17,25,2,6,1,0,0,1,0,0,4,7,,0,2,,
adamsba01,1920,1,PIT,NL,35,89,4,13,0,0,1,3,0,0,1,18,,0,2,,
ainsmed01,1920,1,DET,AL,69,186,19,43,5,3,1,19,4,3,14,19,,0,7,,
alexape01,1920,1,CHN,NL,46,118,9,27,4,1,1,14,0,0,11,26,,0,6,,
allenni01,1920,1,CIN,NL,43,85,10,23,3,1,0,4,0,0,6,11,,3,5,,
altener01,1920,1,DET,AL,14,3,0,0,0,0,0,0,0,0,0,0,,0,0,,
austiji01,1920,1,SLA,AL,83,280,38,76,11,3,1,32,2,4,31,15,,4,15,,
ayersdo01,1920,1,DET,AL,46,59,2,9,4,0,0,3,0,0,2,6,,0,2,,
bagbyji01,1920,1,CLE,AL,49,131,17,33,7,3,1,14,0,0,6,17,,0,7,,
bailege01,1920,1,BSN,NL,13,24,2,2,0,0,0,0,0,1,3,3,,0,2,,
bailege01,1920,2,BOS,AL,46,135,14,31,2,0,0,5,2,7,9,15,,1,5,,
bailesw01,1920,1,CHN,NL,21,7,0,1,0,0,0,0,0,0,0,4,,0,1,,
bairddo01,1920,1,BRO,NL,6,6,1,2,0,0,0,1,0,0,2,1,,1,1,,
bairddo01,1920,2,NY1,NL,7,8,0,1,0,0,0,0,0,0,1,3,,0,0,,
bancrda01,1920,1,PHI,NL,42,171,23,51,7,2,0,5,1,7,9,12,,1,4,,
bancrda01,1920,2,NY1,NL,108,442,79,132,29,7,0,31,7,5,33,32,,1,12,,
barbawa01,1920,1,PIT,NL,57,186,9,51,5,2,0,12,5,3,9,11,,0,4,,
barbetu01,1920,1,CHN,NL,94,340,27,90,10,5,0,50,5,6,9,26,,3,17,,
barneje01,1920,1,NY1,NL,45,108,10,22,1,0,0,4,1,1,1,12,,0,4,,
barnevi01,1920,1,NY1,NL,1,1,0,0,0,0,0,0,0,0,0,0,,0,1,,
barnhcl01,1920,1,PIT,NL,12,46,5,15,4,2,0,5,1,0,1,2,,0,0,,
baumgha01,1920,1,DET,AL,9,4,0,1,0,0,0,1,0,0,1,1,,0,0,,
baynebi01,1920,1,SLA,AL,18,35,2,6,2,0,0,1,0,1,0,11,,0,1,,
bentoru01,1920,1,NY1,NL,33,65,3,6,0,0,0,3,0,0,0,14,,0,4,,
bettshu01,1920,1,PHI,NL,27,25,2,2,0,0,0,0,0,0,2,8,,0,0,,
biemiha01,1920,1,WS1,AL,5,4,0,0,0,0,0,0,0,0,0,2,,0,1,,
bigbeca01,1920,1,PIT,NL,137,550,78,154,19,15,4,32,31,15,45,28,,6,6,,
bigbely01,1920,1,PHA,AL,38,75,5,14,2,0,1,8,1,0,9,12,,1,1,,
billijo01,1920,1,SLA,AL,66,155,19,43,5,2,0,11,1,0,11,10,,7,5,,
blakesh01,1920,1,PIT,NL,6,4,0,1,0,0,0,0,0,0,0,0,,0,0,,
bodiepi01,1920,1,NYA,AL,129,471,63,139,26,12,7,79,6,14,40,30,,0,12,,
boeckto01,1920,1,BSN,NL,153,582,70,156,28,5,3,62,18,15,38,50,,1,9,,
boehlge01,1920,1,SLA,AL,3,1,1,0,0,0,0,0,0,0,1,0,,0,0,,
boehljo01,1920,1,CLE,AL,3,4,0,2,0,0,0,0,0,0,0,0,,1,0,,
bogarjo01,1920,1,DET,AL,4,8,1,2,0,0,0,0,0,0,0,1,,0,0,,
bolanbe01,1920,1,DET,AL,4,7,0,1,1,0,0,0,0,0,0,1,,0,0,,
bonogu01,1920,1,WS1,AL,4,3,1,0,0,0,0,0,0,0,1,0,,0,0,,
bowmael01,1920,1,WS1,AL,2,1,1,0,0,0,0,0,0,0,1,0,,0,0,,
bradycl01,1920,1,BOS,AL,53,180,16,41,5,1,0,12,0,1,13,12,,1,6,,
brently01,1920,1,CIN,NL,5,8,1,2,0,0,0,0,0,0,0,3,,0,0,,
bressru01,1920,1,CIN,NL,21,30,4,8,1,0,0,3,1,0,1,4,,0,1,,
browefr01,1920,1,WS1,AL,36,119,21,37,7,2,1,13,1,1,9,11,,3,3,,
browned02,1920,1,NY1,NL,3,8,1,1,1,0,0,0,0,0,0,3,,0,0,,
burnsge01,1920,1,NY1,NL,154,631,115,181,35,9,6,46,22,22,76,48,,2,5,,
burnsge02,1920,1,PHA,AL,22,60,1,14,3,0,1,7,4,0,6,7,,1,1,,
burnsge02,1920,2,CLE,AL,44,56,7,15,4,1,0,13,1,0,4,3,,2,2,,
burrudi01,1920,1,PHA,AL,71,135,11,25,8,0,0,10,0,3,5,7,,2,1,,
burwebi01,1920,1,SLA,AL,35,42,4,7,2,0,0,1,0,0,1,8,,0,2,,
bushdo01,1920,1,DET,AL,141,506,85,133,18,5,1,33,15,7,73,32,,1,48,,
bushjo01,1920,1,BOS,AL,45,102,14,25,2,0,0,7,0,2,9,15,,0,3,,
cadorle01,1920,1,BRO,NL,35,91,4,20,2,1,2,11,1,0,3,22,,1,4,,
caldwra02,1920,1,CLE,AL,41,89,17,19,3,0,0,7,0,2,10,13,,1,5,,
calvoja01,1920,1,WS1,AL,17,23,5,1,0,1,0,2,0,0,2,2,,0,1,,
cantwmi01,1920,1,PHI,NL,5,7,0,1,0,0,0,1,0,0,0,3,,0,1,,
careyma01,1920,1,PIT,NL,130,485,74,140,18,4,1,35,52,10,59,31,,3,20,,
carlsha01,1920,1,PIT,NL,39,85,3,23,4,1,0,2,0,0,1,16,,0,2,,
carlsle01,1920,1,WS1,AL,3,6,0,1,0,0,0,0,0,0,0,3,,0,0,,
cartepa01,1920,1,CHN,NL,31,35,3,6,1,1,0,4,0,0,1,5,,0,1,,
catonho01,1920,1,PIT,NL,98,352,29,83,11,5,0,27,4,9,33,19,,2,7,,
causere01,1920,1,PHI,NL,44,59,2,11,0,0,0,2,0,0,2,18,,0,2,,
chapled01,1920,1,BOS,AL,4,5,2,1,1,0,0,1,0,0,4,1,,0,0,,
chapmra01,1920,1,CLE,AL,111,435,97,132,27,8,3,49,13,9,52,38,,2,41,,
cheevvi01,1920,1,CHN,NL,5,4,0,0,0,0,0,0,0,0,1,2,,0,0,,
chrisll01,1920,1,BSN,NL,65,106,17,22,2,2,0,14,0,1,13,12,,1,5,,
cicoted01,1920,1,CHA,AL,37,112,10,22,2,0,0,6,2,0,5,10,,0,4,,
clairda01,1920,1,DET,AL,3,7,1,1,0,0,0,0,0,0,0,0,,0,0,,
clarkbo03,1920,1,CLE,AL,11,10,0,2,0,0,0,0,0,0,0,0,,0,0,,
clarkni01,1920,1,PIT,NL,3,7,0,0,0,0,0,0,0,0,2,4,,0,0,,
clarksu01,1920,1,CHN,NL,1,3,0,1,0,0,0,0,0,0,0,1,,0,0,,
clemove01,1920,1,SLN,NL,112,338,17,95,10,6,1,36,1,1,30,12,,0,10,,
cobbty01,1920,1,DET,AL,112,428,86,143,28,8,2,63,15,10,58,28,,2,7,,
collied01,1920,1,CHA,AL,153,602,117,224,38,13,3,76,20,8,69,19,,2,33,,
collipa01,1920,1,SLA,AL,23,28,5,6,1,0,0,6,0,0,3,5,,0,0,,
colliri01,1920,1,NYA,AL,36,62,8,8,2,0,0,2,0,0,3,31,,0,8,,
collish01,1920,1,CHA,AL,133,495,70,150,21,10,1,63,12,9,23,24,,4,15,,
conkwal01,1920,1,DET,AL,5,5,1,1,0,0,0,0,0,0,3,1,,0,0,,
conneto01,1920,1,NYA,AL,1,1,0,0,0,0,0,0,0,0,0,0,,0,0,,
conwaje01,1920,1,WS1,AL,1,0,0,0,0,0,0,0,0,0,0,0,0,0,0,0,0
coombja01,1920,1,DET,AL,2,2,0,0,0,0,0,0,0,0,0,0,,0,0,,
coopewi01,1920,1,PIT,NL,44,113,11,25,1,3,0,2,0,3,5,19,,0,2,,
coumbfr01,1920,1,CIN,NL,5,13,2,3,0,0,1,2,1,0,1,2,,0,0,,
courtha01,1920,1,WS1,AL,37,69,11,16,5,2,1,12,0,0,4,18,,0,3,,
covelst01,1920,1,CLE,AL,41,111,13,25,4,2,0,17,0,0,11,28,,0,9,,
coxre01,1920,1,DET,AL,3,1,0,0,0,0,0,0,0,0,0,1,,0,0,,
cranesa02,1920,1,CIN,NL,54,144,20,31,4,0,0,9,5,4,7,9,,2,2,,
cravaga01,1920,1,PHI,NL,46,45,2,13,5,0,1,11,0,0,9,12,,0,0,,
cruiswa01,1920,1,BSN,NL,91,288,40,80,7,5,1,21,5,3,31,26,,2,10,,
crumpro01,1920,1,DET,AL,4,9,1,3,1,1,0,0,0,0,0,0,,0,0,,
cutshge01,1920,1,PIT,NL,131,488,56,123,16,8,0,47,17,14,23,10,,1,37,,
dalyto02,1920,1,CHN,NL,44,90,12,28,6,0,0,13,1,1,2,6,,1,1,,
daubeja01,1920,1,CIN,NL,142,553,97,168,28,13,4,48,11,13,47,29,,3,27,,
daussho01,1920,1,DET,AL,38,83,7,14,2,2,0,5,0,0,14,27,,0,3,,
davencl01,1920,1,NY1,NL,1,1,0,0,0,0,0,0,0,0,0,1,,0,0,,
davisdi01,1920,1,SLA,AL,38,94,8,25,4,0,0,10,0,1,7,11,,0,7,,
dealch01,1920,1,CHN,NL,129,450,48,108,10,5,3,39,5,8,20,14,,8,34,,
deberjo01,1920,1,SLA,AL,10,18,1,3,1,0,0,0,0,0,1,4,,0,2,,
devinha01,1920,1,BOS,AL,1,2,1,2,0,1,0,0,0,0,0,0,,0,0,,
devinmi01,1920,1,BOS,AL,8,12,1,2,0,0,0,0,1,0,1,2,,0,1,,
dillhpi01,1920,1,SLN,NL,76,224,26,59,8,3,0,13,2,1,13,7,,0,3,,
doakbi01,1920,1,SLN,NL,39,88,4,10,0,0,0,5,0,0,5,37,,0,8,,
douglph01,1920,1,NY1,NL,46,73,6,11,0,0,0,1,0,0,1,18,,0,2,,
doylela01,1920,1,NY1,NL,137,471,48,134,21,2,4,50,11,9,47,28,,2,10,,
duganjo01,1920,1,PHA,AL,123,491,65,158,40,5,3,60,5,8,19,51,,3,8,,
dugeyos01,1920,1,BSN,NL,5,0,2,0,0,0,0,0,0,0,0,0,,0,0,,
duncapa01,1920,1,CIN,NL,154,576,75,170,16,11,2,83,18,18,42,42,,7,27,,
dykesji01,1920,1,PHA,AL,142,546,81,140,25,4,8,35,6,9,55,73,,9,27,,
eayrsed01,1920,1,BSN,NL,87,244,31,80,5,2,1,24,4,3,30,18,,4,6,,
eckerch01,1920,1,PHA,AL,2,1,0,0,0,0,0,0,0,0,0,0,,0,0,,
ehmkeho01,1920,1,DET,AL,38,105,4,25,7,2,0,5,0,0,0,10,,0,2,,
eibelha01,1920,1,BOS,AL,29,43,4,8,2,0,0,6,1,1,3,6,,0,1,,
ellerfr01,1920,1,WS1,AL,101,336,38,98,14,2,0,36,5,4,19,23,,1,20,,
ellerho01,1920,1,CIN,NL,38,87,7,22,2,0,0,12,1,1,1,16,,0,2,,
ellioro01,1920,1,BRO,NL,41,112,13,27,4,0,1,13,0,0,3,6,,1,4,,
ellisba01,1920,1,DET,AL,61,155,11,34,7,2,0,21,4,1,8,26,,0,8,,
ellisge01,1920,1,CLE,AL,1,0,0,0,0,0,0,0,0,0,0,0,0,0,0,0,0
engeljo01,1920,1,WS1,AL,2,1,0,0,0,0,0,0,0,0,0,0,,0,0,,
enzmajo01,1920,1,PHI,NL,17,24,5,4,1,1,0,4,0,0,4,8,,0,0,,
ericker01,1920,1,WS1,AL,39,83,7,23,4,0,1,13,0,0,3,22,,0,8,,
evansjo01,1920,1,CLE,AL,56,172,32,60,9,9,0,23,6,2,15,3,,1,1,,
faberre01,1920,1,CHA,AL,40,104,10,11,1,0,0,1,1,0,19,39,,0,6,,
faethto01,1920,1,CLE,AL,13,5,1,0,0,0,0,0,0,0,1,1,,0,0,,
falkbi01,1920,1,CHA,AL,7,17,1,5,1,1,0,2,0,0,0,5,,0,2,,
felscha01,1920,1,CHA,AL,142,556,88,188,40,15,14,115,8,13,37,25,,4,16,,
fewstch01,1920,1,NYA,AL,21,21,8,6,1,0,0,1,0,1,7,2,,0,1,,
fillida01,1920,1,BSN,NL,38,92,1,16,1,0,0,6,0,0,6,13,,1,1,,
fishecl01,1920,1,WS1,AL,2,1,0,0,0,0,0,0,0,0,0,0,,0,0,,
fishera01,1920,1,CIN,NL,33,70,5,17,1,0,0,3,1,0,1,9,,1,3,,
flackma01,1920,1,CHN,NL,135,520,85,157,30,6,4,49,13,19,52,15,,7,13,,
flagsir01,1920,1,DET,AL,110,311,40,73,13,5,3,35,3,4,37,27,,1,10,,
fletcar01,1920,1,NY1,NL,41,171,21,44,7,2,0,24,3,2,1,15,,5,6,,
fletcar01,1920,2,PHI,NL,102,379,36,112,25,7,4,38,4,6,15,28,,4,13,,
fordho01,1920,1,BSN,NL,88,257,16,62,12,5,1,30,3,3,18,25,,2,10,,
fortuga01,1920,1,BOS,AL,14,12,0,2,0,0,0,1,0,0,1,5,,0,0,,
fosteed02,1920,1,BOS,AL,117,386,48,100,17,6,0,41,10,4,42,17,,3,11,,
fournja01,1920,1,SLN,NL,141,530,77,162,33,14,3,61,26,20,42,42,,12,24,,
frencra01,1920,1,NYA,AL,2,2,2,0,0,0,0,1,0,0,0,1,,0,0,,
fribebe01,1920,1,CHN,NL,50,114,11,24,5,1,0,7,2,2,6,20,,0,4,,
friedcy01,1920,1,DET,AL,2,0,0,0,0,0,0,0,0,0,0,0,0,0,0,0,0
friscfr01,1920,1,NY1,NL,110,440,57,123,10,10,4,77,34,11,20,18,,0,13,,
gallibe01,1920,1,SLA,AL,2,1,0,0,0,0,0,0,0,0,0,0,,0,0,,
gallibe01,1920,2,PHI,NL,19,23,1,4,0,0,0,3,0,0,1,6,,0,1,,
galloch01,1920,1,PHA,AL,98,298,28,60,9,3,0,18,2,2,22,22,,1,14,,
gardnla01,1920,1,CLE,AL,154,597,72,185,31,11,3,118,3,20,53,25,,1,32,,
gastoal01,1920,1,NY1,NL,4,10,2,1,0,0,0,1,0,0,1,2,,0,1,,
gawch01,1920,1,CHN,NL,6,4,1,1,0,0,0,0,0,0,0,1,,0,0,,
gedeojo01,1920,1,SLA,AL,153,606,95,177,33,6,0,61,1,3,55,36,,4,48,,
gerbewa01,1920,1,SLA,AL,154,584,70,163,26,2,2,60,4,13,58,32,,2,19,,
gharrpa01,1920,1,WS1,AL,131,428,51,105,18,3,3,44,6,5,37,52,,1,19,,
gilhage01,1920,1,SLN,NL,1,3,0,0,0,0,0,0,0,0,0,1,,0,0,,
glaisjo01,1920,1,DET,AL,8,3,0,0,0,0,0,0,0,0,1,0,,0,0,,
glaseno01,1920,1,DET,AL,1,0,0,0,0,0,0,0,0,0,0,0,,0,0,,
glaznwh01,1920,1,PIT,NL,2,3,0,0,0,0,0,0,0,0,0,0,,0,0,,
gleasjo01,1920,1,WS1,AL,3,2,0,0,0,0,0,0,0,0,3,0,,0,0,,
gleicfr01,1920,1,NYA,AL,24,41,6,5,0,0,0,3,0,0,6,10,,0,1,,
glennbo01,1920,1,SLN,NL,2,0,0,0,0,0,0,0,0,0,0,0,0,0,0,0,0
gonzami01,1920,1,NY1,NL,11,13,1,3,0,0,0,0,1,0,3,1,,0,0,,
goodwma01,1920,1,SLN,NL,32,35,4,7,0,0,0,1,0,0,3,8,,0,3,,
gowdyha01,1920,1,BSN,NL,80,214,14,52,11,2,0,18,6,1,20,15,,2,5,,
graneja01,1920,1,CLE,AL,62,152,31,45,11,1,0,13,4,2,27,21,,3,9,,
griesti01,1920,1,SLN,NL,5,3,1,1,0,0,0,0,0,0,0,0,,0,0,,
griffiv01,1920,1,PHA,AL,129,467,46,111,15,1,0,20,3,3,17,49,,11,13,,
griffpu01,1920,1,NY1,NL,5,4,0,1,0,0,0,0,0,0,1,2,,0,0,,
griffto01,1920,1,BRO,NL,93,334,41,87,9,4,2,30,3,3,15,18,,0,14,,
grimebu01,1920,1,BRO,NL,43,111,9,34,8,3,0,16,2,2,8,21,,1,6,,
grimera01,1920,1,BOS,AL,1,4,1,1,0,0,0,0,0,0,1,0,,0,0,,
grimero01,1920,1,NY1,NL,26,57,5,9,1,0,0,3,1,1,3,8,,0,0,,
grimmch01,1920,1,PIT,NL,148,533,38,121,13,7,2,54,7,8,30,40,,4,14,,
grohhe01,1920,1,CIN,NL,145,550,86,164,28,12,0,49,16,19,60,29,,8,14,,
grubbto01,1920,1,NY1,NL,1,1,0,0,0,0,0,0,0,0,0,0,,0,0,,
haeffbi01,1920,1,PIT,NL,54,175,8,34,4,1,0,14,1,1,8,14,,0,3,,
haineje01,1920,1,SLN,NL,48,108,6,19,5,0,1,2,0,0,3,26,,0,4,,
halesa01,1920,1,DET,AL,76,116,13,34,3,3,1,14,2,0,5,15,,0,3,,
hamilea01,1920,1,PIT,NL,39,67,4,10,0,0,0,2,0,0,5,18,,1,7,,
hannatr01,1920,1,NYA,AL,79,259,24,64,11,1,2,25,2,0,24,35,,1,8,,
harpeha01,1920,1,BOS,AL,27,50,3,6,1,0,0,1,0,1,5,20,,0,2,,
harribu01,1920,1,WS1,AL,136,506,76,152,26,6,1,68,16,17,41,36,,21,24,,
harrisl01,1920,1,PHA,AL,31,66,0,7,0,0,0,0,0,0,1,30,,0,3,,
hastybo01,1920,1,PHA,AL,19,24,2,6,1,0,0,2,0,0,1,4,,0,0,,
hearnbu01,1920,1,BSN,NL,11,14,0,2,0,0,0,0,0,0,0,6,,0,0,,
heathcl01,1920,1,SLN,NL,133,489,55,139,18,8,3,56,21,14,25,31,,1,16,,
heathsp01,1920,1,CHA,AL,4,3,0,0,0,0,0,0,0,0,0,0,,0,0,,
heilmha01,1920,1,DET,AL,145,543,66,168,28,5,9,89,3,7,39,32,,2,18,,
heimafr01,1920,1,PHA,AL,1,1,0,0,0,0,0,0,0,0,0,0,,0,0,,
hendrcl01,1920,1,CHN,NL,34,83,10,15,3,0,0,6,2,0,3,11,,0,1,,
hendrti01,1920,1,BOS,AL,99,363,54,119,21,5,0,73,7,9,42,27,,2,13,,
herzobu01,1920,1,CHN,NL,91,305,39,59,9,2,0,19,8,9,20,21,,8,17,,
hevinjo01,1920,1,SLA,AL,1,1,0,0,0,0,0,0,0,0,0,0,,0,0,,
highch01,1920,1,PHA,AL,17,65,7,20,2,1,1,6,0,2,3,6,,4,2,,
hilleho02,1920,1,BOS,AL,17,29,4,5,1,1,0,2,0,3,2,5,,0,2,,
hinchbi01,1920,1,PIT,NL,18,16,0,3,0,0,0,1,0,0,1,3,,1,0,,
hocked01,1920,1,SLN,NL,1,0,0,0,0,0,0,0,0,0,0,0,,0,0,,
hodgesh01,1920,1,CHA,AL,4,6,0,0,0,0,0,0,0,0,0,3,,0,0,,
hofmafr01,1920,1,NYA,AL,15,24,3,7,0,0,0,1,0,0,1,2,,1,0,,
holkewa01,1920,1,BSN,NL,144,551,53,162,15,11,3,64,4,11,28,31,,1,23,,
hollabi01,1920,1,WS1,AL,3,4,0,1,0,0,0,1,1,0,1,2,,0,1,,
holloch01,1920,1,CHN,NL,80,301,53,96,17,2,0,22,20,14,41,15,,3,24,,
hoodwa01,1920,1,BRO,NL,7,14,4,2,1,0,0,1,2,0,4,4,,0,2,,
hoodwa01,1920,2,PIT,NL,2,1,1,0,0,0,0,0,1,0,1,0,,0,0,,
hoopeha01,1920,1,BOS,AL,139,536,91,167,30,17,7,53,16,18,88,27,,2,5,,
hornsro01,1920,1,SLN,NL,149,589,96,218,44,20,9,94,12,15,60,50,,3,8,,
hoytwa01,1920,1,BOS,AL,22,43,3,5,0,1,0,0,0,0,1,11,,0,2,,
hubbebi01,1920,1,NY1,NL,14,5,1,1,0,0,0,0,0,0,0,2,,0,0,,
hubbebi01,1920,2,PHI,NL,24,53,4,7,0,0,0,1,0,0,3,19,,0,2,,
hubercl01,1920,1,DET,AL,11,42,4,9,2,1,0,5,0,0,0,5,,0,0,,
huntehe01,1920,1,BOS,AL,4,12,2,1,0,0,0,0,0,0,1,1,,0,1,,
jacksjo01,1920,1,CHA,AL,146,570,105,218,42,20,12,121,9,12,56,14,,7,16,,
jacobba01,1920,1,SLA,AL,154,609,97,216,34,14,9,122,11,7,46,37,,2,16,,
jacobel01,1920,1,SLN,NL,23,26,2,5,1,0,0,2,0,0,1,7,,0,3,,
jaegejo01,1920,1,CHN,NL,2,1,0,0,0,0,0,0,0,0,0,1,,0,0,,
jamiech01,1920,1,CLE,AL,108,370,69,118,17,7,1,40,2,9,41,26,,1,13,,
janvrha01,1920,1,SLN,NL,87,270,33,74,8,4,1,28,5,6,17,19,,0,8,,
johnsdo01,1920,1,CLE,AL,147,535,68,156,24,10,2,71,13,7,28,32,,5,25,,
johnsed01,1920,1,WS1,AL,4,13,1,3,0,0,0,2,0,0,3,2,,0,1,,
johnsji01,1920,1,BRO,NL,155,635,87,185,17,12,1,52,19,15,43,23,,2,28,,
johnspa01,1920,1,PHA,AL,18,72,6,15,0,0,0,5,1,1,4,8,,0,1,,
johnswa01,1920,1,WS1,AL,33,64,6,17,1,3,1,7,0,0,3,10,,0,2,,
jonesbo01,1920,1,DET,AL,81,265,35,66,6,3,1,18,3,4,22,13,,1,11,,
jonesjo01,1920,1,BSN,NL,3,4,0,1,0,1,0,0,0,0,0,2,,0,0,,
jonespe01,1920,1,CHN,NL,4,2,0,0,0,0,0,0,0,0,0,2,,0,0,,
jonessa01,1920,1,BOS,AL,44,92,12,20,3,1,0,5,0,0,4,27,,2,5,,
jonnabu01,1920,1,CHA,AL,2,5,0,0,0,0,0,0,0,0,0,1,,0,0,,
jourdte01,1920,1,CHA,AL,48,150,16,36,5,2,0,8,3,2,17,17,,5,3,,
judgejo01,1920,1,WS1,AL,126,493,103,164,19,15,5,51,12,12,65,34,,5,13,,
karrbe01,1920,1,BOS,AL,57,75,8,21,5,0,1,15,0,0,6,18,,0,1,,
kauffbe01,1920,1,NY1,NL,55,157,31,43,12,3,3,26,3,7,25,14,,2,4,,
kearnte01,1920,1,PHA,AL,1,1,0,0,0,0,0,0,0,0,0,0,,0,0,,
keefeda01,1920,1,PHA,AL,32,40,3,10,1,0,0,1,0,0,1,5,,0,1,,
keenaji02,1920,1,PHI,NL,1,1,0,0,0,0,0,0,0,0,0,0,,0,0,,
kellybi03,1920,1,PHA,AL,9,13,0,3,1,0,0,0,0,0,0,2,,0,0,,
kellyge01,1920,1,NY1,NL,155,590,69,157,22,11,11,94,6,16,41,92,,6,14,,
kerrdi01,1920,1,CHA,AL,46,90,12,14,1,1,0,5,1,0,3,9,,1,4,,
kiefejo01,1920,1,CHA,AL,2,2,0,0,0,0,0,0,0,0,0,1,,0,0,,
kildupe01,1920,1,BRO,NL,141,478,62,130,26,8,0,58,2,9,58,43,,0,22,,
killebi01,1920,1,CHN,NL,62,191,16,42,7,1,0,16,2,2,8,5,,8,5,,
kimeha01,1920,1,SLN,NL,4,1,0,0,0,0,0,0,0,0,0,1,,0,0,,
kingle02,1920,1,NY1,NL,93,261,32,72,11,4,7,42,3,7,21,38,,2,7,,
kinnewa01,1920,1,PHA,AL,14,26,5,9,1,0,0,6,0,0,2,1,,0,0,,
kinsebo01,1920,1,NY1,NL,1,3,0,1,0,0,0,1,0,0,0,2,,0,0,,
kirchmi01,1920,1,SLN,NL,9,11,2,3,0,0,0,1,0,0,0,3,,0,0,,
knodemi01,1920,1,SLN,NL,42,65,11,15,1,1,0,12,0,1,5,6,,2,5,,
knowlbi01,1920,1,PHA,AL,1,2,0,0,0,0,0,0,0,0,0,0,,0,0,,
koneted01,1920,1,BRO,NL,131,497,62,153,22,12,5,63,3,2,33,18,,1,16,,
kopfla01,1920,1,CIN,NL,126,458,56,112,15,6,0,59,14,13,35,24,,5,16,,
krueger01,1920,1,BRO,NL,52,146,21,42,4,2,1,17,2,0,16,13,,0,0,,
lamarbi01,1920,1,BRO,NL,24,44,5,12,4,0,0,4,0,0,0,1,,0,0,,
lambly01,1920,1,SLA,AL,9,24,4,9,2,0,0,4,2,0,0,7,,0,3,,
lamotbo01,1920,1,WS1,AL,4,3,0,0,0,0,0,0,0,0,1,1,,0,0,,
lavando01,1920,1,SLN,NL,142,516,52,149,21,10,1,63,11,14,19,38,,3,31,,
learfr01,1920,1,NY1,NL,31,87,12,22,0,1,1,7,0,2,8,15,,1,1,,
leathha01,1920,1,CHN,NL,9,23,3,7,1,0,1,1,1,0,1,1,,0,1,,
leboube01,1920,1,PHI,NL,84,261,29,67,7,2,3,12,9,6,11,36,,3,14,,
leecl01,1920,1,PIT,NL,37,76,9,18,2,2,0,8,0,1,4,14,,0,1,,
leedu01,1920,1,SLA,AL,1,2,2,2,0,0,0,1,1,0,0,0,,0,1,,
lefeval01,1920,1,NY1,NL,17,27,5,4,0,1,0,0,0,0,0,13,,0,0,,
leibone01,1920,1,CHA,AL,108,413,61,91,16,3,1,28,7,15,55,30,,3,9,,
leifile01,1920,1,SLA,AL,4,2,0,0,0,0,0,0,0,0,0,2,,0,0,,
leonadu01,1920,1,DET,AL,28,57,2,12,3,0,0,5,0,0,8,8,,0,3,,
leonajo01,1920,1,WS1,AL,1,0,0,0,0,0,0,0,0,0,0,0,,0,0,,
leverho01,1920,1,SLA,AL,3,3,0,0,0,0,0,0,0,0,0,0,,0,0,,
lewisdu01,1920,1,NYA,AL,107,365,34,99,8,1,4,61,2,8,24,32,,2,16,,
lovesl01,1920,1,DET,AL,1,0,0,0,0,0,0,0,0,0,0,0,0,0,0,0,0
lowdegr01,1920,1,CHA,AL,3,0,0,0,0,0,0,0,0,0,0,0,0,0,0,0,0
lowege01,1920,1,CIN,NL,1,0,0,0,0,0,0,0,0,0,0,0,0,0,0,0,0
luceyjo01,1920,1,NYA,AL,3,3,0,0,0,0,0,0,0,0,0,0,,0,0,,
luderfr01,1920,1,PHI,NL,16,32,1,5,2,0,0,4,0,1,3,6,,0,1,,
lunteha01,1920,1,CLE,AL,23,71,6,14,0,0,0,7,0,1,5,6,,0,0,,
luquedo01,1920,1,CIN,NL,37,64,6,17,3,0,0,3,2,1,8,7,,0,5,,
lynchad01,1920,1,SLA,AL,5,9,2,2,0,0,0,1,0,0,1,2,,0,0,,
lynnby01,1920,1,CHA,AL,16,25,0,8,2,1,0,3,0,0,1,3,,0,3,,
lyonsge01,1920,1,SLN,NL,7,7,0,1,0,0,0,1,0,0,1,2,,0,0,,
mailsdu01,1920,1,CLE,AL,9,20,3,4,1,0,0,0,0,0,2,6,,0,3,,
mamaual01,1920,1,BRO,NL,41,60,5,10,2,0,0,5,0,0,8,14,,0,2,,
maniocl01,1920,1,DET,AL,32,80,4,22,4,1,0,8,0,0,4,7,,1,2,,
mannle01,1920,1,BSN,NL,115,424,48,117,7,8,3,32,7,7,38,42,,4,11,,
maranra01,1920,1,BSN,NL,134,493,48,131,19,15,1,43,14,11,28,24,,0,13,,
marquru01,1920,1,BRO,NL,28,59,2,10,1,0,0,0,1,1,5,12,,0,3,,
marriwi01,1920,1,CHN,NL,14,43,7,12,4,2,0,5,1,1,6,5,,0,1,,
martipa01,1920,1,PHA,AL,8,10,1,4,1,0,0,0,0,0,0,3,,0,2,,
martisp01,1920,1,CHN,NL,35,44,5,7,1,0,1,4,1,0,3,10,,0,1,,
mayja01,1920,1,SLN,NL,16,22,2,5,0,1,0,0,0,0,3,8,,0,0,,
maysca01,1920,1,NYA,AL,45,109,10,26,4,2,0,13,0,0,5,12,,0,8,,
mcbrige01,1920,1,WS1,AL,13,41,6,9,1,0,0,3,0,0,2,3,,0,6,,
mccabbi01,1920,1,CHN,NL,3,2,1,1,0,0,0,0,0,0,0,0,,0,0,,
mccabbi01,1920,2,BRO,NL,41,68,10,10,0,0,0,3,1,2,2,6,,0,1,,
mccanem01,1920,1,PHA,AL,13,34,4,9,1,1,0,3,0,1,3,1,,1,0,,
mccarle01,1920,1,NY1,NL,36,38,2,5,0,0,0,0,2,0,4,2,,0,0,,
mccarle01,1920,2,SLN,NL,5,7,0,2,0,0,0,0,0,0,5,0,,0,0,,
mccleha01,1920,1,CHA,AL,10,18,4,6,1,1,0,5,2,0,4,1,,0,0,,
mcgrabo01,1920,1,NYA,AL,15,7,0,0,0,0,0,0,0,0,0,3,,0,0,,
mchenau01,1920,1,SLN,NL,137,504,66,142,19,11,10,65,8,11,25,73,,0,13,,
mcinnst01,1920,1,BOS,AL,148,559,50,166,21,3,2,72,6,11,18,19,,2,45,,
mckecbi01,1920,1,PIT,NL,40,133,13,29,3,1,1,13,7,4,4,7,,0,3,,
mcmanma01,1920,1,SLA,AL,1,3,0,1,0,1,0,1,0,0,0,0,,0,1,,
mcmulfr01,1920,1,CHA,AL,46,127,14,25,1,4,0,13,1,1,9,13,,1,1,,
mcnalmi01,1920,1,BOS,AL,93,312,42,80,5,1,0,23,13,10,31,24,,1,20,,
mcquihu01,1920,1,BSN,NL,38,74,8,19,4,4,1,8,0,1,3,23,,0,6,,
meadojo01,1920,1,PIT,NL,12,6,0,1,0,0,0,0,0,0,1,2,,0,0,,
meadole01,1920,1,PHI,NL,39,82,3,14,2,0,0,4,0,0,3,18,,0,2,,
menosmi01,1920,1,BOS,AL,141,532,80,158,24,9,3,64,23,19,65,52,,9,21,,
merklfr01,1920,1,CHN,NL,92,330,33,94,20,4,3,38,3,5,24,32,,1,12,,
meusebo01,1920,1,NYA,AL,119,460,75,151,40,7,11,83,4,4,20,72,,2,12,,
meuseir01,1920,1,PHI,NL,138,518,75,160,27,8,14,69,17,11,32,27,,0,13,,
milancl01,1920,1,WS1,AL,126,506,70,163,22,5,3,41,10,12,28,12,,5,25,,
miljujo01,1920,1,BRO,NL,10,6,0,2,0,1,0,0,0,0,1,0,,0,0,,
milledo02,1920,1,PHI,NL,98,343,41,87,12,2,1,27,13,6,16,17,,1,15,,
milleot01,1920,1,BRO,NL,90,301,16,87,9,2,0,33,0,5,9,18,,1,13,,
millera03,1920,1,PHI,NL,97,338,28,74,14,1,0,28,3,4,11,32,,1,8,,
mitchcl01,1920,1,BRO,NL,55,107,9,25,2,2,0,11,1,0,8,9,,0,1,,
mogrige01,1920,1,NYA,AL,26,42,5,7,2,1,0,5,0,0,2,5,,0,1,,
moharge01,1920,1,BRO,NL,13,8,0,1,0,0,0,0,0,0,2,2,,0,0,,
moorero01,1920,1,PHA,AL,27,50,2,10,0,0,1,3,0,1,1,14,,0,1,,
morribi01,1920,1,DET,AL,8,8,2,0,0,0,0,0,0,0,0,3,,0,0,,
morrijo04,1920,1,PIT,NL,2,3,1,0,0,0,0,0,0,0,0,2,,0,0,,
mortogu01,1920,1,CLE,AL,29,46,1,10,0,0,0,2,0,0,1,9,,0,1,,
muellhe01,1920,1,SLN,NL,4,22,0,7,1,0,0,1,1,0,2,4,,0,0,,
mullebi01,1920,1,SLA,AL,2,4,0,0,0,0,0,0,0,0,0,0,,0,0,,
murchti01,1920,1,CLE,AL,2,1,0,0,0,0,0,0,0,0,0,1,,0,0,,
murphed02,1920,1,CHA,AL,58,118,22,40,2,1,0,19,1,3,12,4,,1,2,,
myattgl01,1920,1,PHA,AL,70,196,14,49,8,3,0,18,1,3,12,22,,0,4,,
myersel01,1920,1,CLE,AL,16,25,2,6,2,0,0,4,0,0,0,3,,0,2,,
myersel01,1920,2,BOS,AL,12,38,8,12,1,1,0,7,0,0,2,2,,0,0,,
myershy01,1920,1,BRO,NL,154,582,83,177,36,22,4,80,9,13,35,54,,1,33,,
napiebu01,1920,1,CIN,NL,9,14,1,3,1,0,0,1,0,0,3,4,,0,0,,
nayloro01,1920,1,PHA,AL,42,86,4,14,0,0,0,1,0,0,0,27,,0,2,,
nealegr01,1920,1,CIN,NL,150,530,55,135,10,7,3,46,29,12,45,48,,8,18,,
nehfar01,1920,1,NY1,NL,40,97,11,26,4,0,0,4,2,1,7,10,,0,4,,
neisbe01,1920,1,BRO,NL,95,249,38,63,11,2,2,22,9,9,26,35,,2,10,,
newkijo01,1920,1,CHN,NL,2,3,1,0,0,0,0,0,0,0,0,0,,0,0,,
nichofr02,1920,1,PIT,NL,99,247,33,89,16,7,4,30,9,6,18,31,,0,6,,
niehadi01,1920,1,CLE,AL,19,9,0,4,0,0,0,1,0,0,2,3,,0,0,,
northlo01,1920,1,SLN,NL,26,31,2,7,1,0,0,3,0,0,1,7,,0,1,,
nunamle01,1920,1,CLE,AL,34,54,10,18,3,3,0,14,1,0,4,5,,0,1,,
odoulle01,1920,1,NYA,AL,13,12,2,2,1,0,0,1,0,0,1,1,,0,0,,
oeschjo01,1920,1,BSN,NL,38,101,3,18,5,0,0,7,0,0,1,14,,0,5,,
ofarrbo01,1920,1,CHN,NL,94,270,29,67,11,4,3,19,1,0,34,23,,0,8,,
okriefr01,1920,1,DET,AL,21,5,1,1,0,0,0,0,0,0,0,3,,0,1,,
oldhare01,1920,1,DET,AL,39,69,7,12,0,1,0,7,0,0,6,13,,0,4,,
olsoniv01,1920,1,BRO,NL,143,637,71,162,13,11,1,46,4,7,20,19,,1,7,,
oneilji01,1920,1,WS1,AL,86,294,27,85,17,7,1,40,7,3,13,30,,2,11,,
oneilmi02,1920,1,BSN,NL,112,304,19,86,5,4,0,28,4,4,21,20,,5,13,,
oneilst01,1920,1,CLE,AL,149,489,63,157,39,5,3,55,3,5,69,39,,3,15,,
ormege01,1920,1,BOS,AL,4,6,4,2,0,0,0,1,0,0,3,0,,0,0,,
orourfr01,1920,1,WS1,AL,14,54,8,16,1,0,0,5,2,1,2,5,,0,2,,
paschbe01,1920,1,BOS,AL,9,28,5,10,0,0,0,5,1,0,5,2,,0,0,,
paskedo01,1920,1,CHN,NL,139,487,57,136,22,10,5,71,16,14,64,58,,3,18,,
paulege01,1920,1,PHI,NL,143,562,59,162,16,6,1,36,9,8,33,16,,4,9,,
paynege01,1920,1,CHA,AL,12,8,2,1,0,0,0,0,0,0,1,2,,0,0,,
peckiro01,1920,1,NYA,AL,139,534,109,144,26,6,8,55,8,12,72,47,,0,14,,
pennohe01,1920,1,BOS,AL,38,77,7,20,3,0,0,6,0,0,9,18,,1,7,,
perkicy01,1920,1,PHA,AL,148,492,40,128,24,6,5,52,5,6,28,35,,2,13,,
perripo01,1920,1,NY1,NL,8,4,0,0,0,0,0,0,0,0,0,4,,0,0,,
perrysc01,1920,1,PHA,AL,42,83,4,13,2,0,1,3,0,0,3,12,,0,5,,
pfeffje01,1920,1,BRO,NL,30,74,5,18,0,1,0,8,0,0,2,12,,0,6,,
picinva01,1920,1,WS1,AL,48,133,14,27,6,2,3,14,0,0,9,33,,1,2,,
pickch01,1920,1,BSN,NL,95,383,34,105,16,6,2,28,10,16,23,11,,3,18,,
pieroal01,1920,1,BSN,NL,6,8,1,2,0,0,0,2,0,0,0,3,,0,1,,
pinelba01,1920,1,DET,AL,102,284,33,65,9,3,0,21,6,8,25,16,,2,20,,
pippwa01,1920,1,NYA,AL,153,610,109,171,30,14,11,76,4,10,48,54,,6,23,,
pondeel01,1920,1,PIT,NL,33,59,2,7,1,0,0,3,0,0,2,24,,0,3,,
powelra01,1920,1,BSN,NL,147,609,69,137,12,12,6,29,10,18,44,83,,4,9,,
prattde01,1920,1,NYA,AL,154,574,84,180,37,8,4,97,12,10,50,24,,3,27,,
prothdo01,1920,1,WS1,AL,6,13,2,5,0,0,0,2,0,0,0,4,,0,0,,
pruesea01,1920,1,SLA,AL,1,0,1,0,0,0,0,0,1,0,1,0,,0,0,,
quinnja01,1920,1,NYA,AL,41,88,6,8,0,0,2,6,0,0,9,26,,0,3,,
raridbi01,1920,1,CIN,NL,39,101,9,25,3,0,0,10,2,0,5,0,,0,2,,
rathmo01,1920,1,CIN,NL,129,506,61,135,7,4,2,28,10,11,36,24,,3,28,,
rawlijo01,1920,1,BSN,NL,5,3,0,0,0,0,0,2,0,0,0,1,,0,3,,
rawlijo01,1920,2,PHI,NL,98,384,39,90,19,2,3,30,9,6,22,25,,1,23,,
ricesa01,1920,1,WS1,AL,153,624,83,211,29,9,3,80,63,30,39,23,,4,19,,
richmra01,1920,1,SLA,AL,2,6,1,1,0,0,0,1,0,0,1,1,,0,1,,
ringji01,1920,1,CIN,NL,42,96,6,19,3,1,0,12,1,1,2,27,,1,2,,
risbesw01,1920,1,CHA,AL,126,458,53,122,21,10,2,65,12,10,31,45,,2,15,,
rixeyep01,1920,1,PHI,NL,43,101,6,25,0,1,1,8,0,0,2,11,,2,3,,
roberda01,1920,1,CHN,NL,134,500,68,150,29,11,10,75,17,23,40,44,,1,14,,
rommeed01,1920,1,PHA,AL,34,51,8,11,1,0,0,5,0,0,4,8,,0,8,,
rothbr01,1920,1,WS1,AL,138,468,80,136,23,8,9,92,24,12,75,57,,6,12,,
roushed01,1920,1,CIN,NL,149,579,81,196,22,16,4,90,36,24,42,22,,3,26,,
rudoldi01,1920,1,BSN,NL,18,27,2,5,0,0,0,3,0,0,2,5,,0,2,,
ruelmu01,1920,1,NYA,AL,82,261,30,70,14,1,1,15,4,2,15,18,,1,7,,
ruethdu01,1920,1,CIN,NL,45,104,3,20,4,0,0,10,0,0,5,24,,0,2,,
russeal01,1920,1,BOS,AL,17,41,2,5,0,0,0,2,0,0,4,18,,0,2,,
ruthba01,1920,1,NYA,AL,142,457,158,172,36,9,54,137,14,14,150,80,,3,5,,
ryanro01,1920,1,NY1,NL,3,5,1,0,0,0,0,0,0,0,0,0,,0,0,,
sallesl01,1920,1,CIN,NL,21,35,1,6,0,0,0,4,0,0,2,8,,1,1,,
sallesl01,1920,2,NY1,NL,5,3,0,1,0,0,0,0,0,0,1,0,,0,1,,
sandero02,1920,1,SLA,AL,8,4,0,0,0,0,0,0,0,0,0,3,,0,0,,
schacal01,1920,1,WS1,AL,22,26,4,5,2,0,0,3,0,0,4,4,,1,1,,
schalra01,1920,1,CHA,AL,151,485,64,131,25,5,1,61,10,4,68,19,,2,21,,
schanwa01,1920,1,BOS,AL,122,387,58,118,30,7,4,51,7,7,64,37,,7,8,,
schenjo01,1920,1,SLA,AL,1,0,0,0,0,0,0,0,0,0,0,0,0,0,0,0,0
schinbi01,1920,1,SLN,NL,1,2,0,0,0,0,0,0,0,0,0,1,,0,0,,
schmara01,1920,1,BRO,NL,28,63,7,15,2,1,0,7,1,1,3,4,,0,4,,
schmiwa01,1920,1,PIT,NL,94,310,22,86,8,4,0,20,9,3,24,15,,4,10,,
schuljo03,1920,1,SLN,NL,99,320,38,84,5,5,0,32,5,4,21,11,,0,12,,
schulwa01,1920,1,SLN,NL,2,2,0,0,0,0,0,0,0,0,0,2,,0,0,,
schupfe01,1920,1,SLN,NL,39,86,11,22,7,1,0,6,0,0,6,18,,0,4,,
scottev01,1920,1,BOS,AL,154,569,41,153,21,12,4,61,4,11,21,15,,4,21,,
scottge01,1920,1,SLN,NL,2,1,0,0,0,0,0,0,0,0,0,1,,0,0,,
scottja01,1920,1,BSN,NL,44,99,5,21,3,0,0,4,0,1,5,16,,0,3,,
seech01,1920,1,CIN,NL,47,82,9,25,4,0,0,15,2,4,1,7,,2,4,,
severha01,1920,1,SLA,AL,123,422,46,117,14,5,2,49,5,3,33,11,,4,6,,
seweljo01,1920,1,CLE,AL,22,70,14,23,4,1,0,12,1,0,9,4,,1,3,,
shankho01,1920,1,WS1,AL,128,444,56,119,16,7,4,37,11,6,29,43,,2,14,,
shannbi01,1920,1,PHA,AL,1,1,0,0,0,0,0,0,0,0,0,0,,0,0,,
shannre01,1920,1,WS1,AL,63,222,30,64,8,7,0,30,2,5,22,32,,0,6,,
shannre01,1920,2,PHA,AL,24,88,4,15,1,1,0,3,1,1,4,12,,0,3,,
shawji01,1920,1,WS1,AL,38,74,6,14,4,1,0,2,0,0,3,31,,2,3,,
shawkbo01,1920,1,NYA,AL,38,100,13,23,1,0,0,10,0,0,4,13,,1,1,,
sheehja01,1920,1,BRO,NL,3,5,0,2,1,0,0,0,0,0,1,0,,0,0,,
sherdbi01,1920,1,SLN,NL,49,63,4,14,1,1,1,2,0,0,3,5,,0,2,,
sherire01,1920,1,BRO,NL,3,2,0,0,0,0,0,0,0,0,0,1,,0,0,,
shiredu01,1920,1,WS1,AL,2,1,0,0,0,0,0,0,0,0,0,1,,0,0,,
shockur01,1920,1,SLA,AL,38,80,8,18,3,0,0,10,0,1,11,21,,2,5,,
shoreer01,1920,1,NYA,AL,14,11,2,2,0,0,0,0,0,0,2,2,,0,2,,
shortch01,1920,1,DET,AL,116,364,35,105,9,6,1,40,2,4,28,14,,0,18,,
shottbu01,1920,1,SLN,NL,62,180,28,41,5,0,1,12,5,1,18,14,,2,3,,
shovljo01,1920,1,SLA,AL,7,7,2,2,0,0,0,2,0,0,0,0,,0,0,,
sickied01,1920,1,NY1,NL,46,134,11,23,3,1,0,9,6,2,10,10,,1,4,,
sickied01,1920,2,CIN,NL,37,123,12,33,3,0,0,17,2,3,13,5,,0,1,,
sislege01,1920,1,SLA,AL,154,631,137,257,49,18,19,122,42,17,46,19,,2,13,,
slappjo01,1920,1,PHA,AL,3,2,1,1,1,0,0,0,0,0,0,0,,0,0,,
smithea01,1920,1,SLA,AL,103,353,45,108,21,8,3,55,11,4,13,18,,3,8,,
smithea02,1920,1,NY1,NL,91,262,20,77,7,1,1,30,5,2,18,16,,2,3,,
smithel02,1920,1,CLE,AL,129,456,82,144,37,10,12,103,5,4,53,35,,3,13,,
smithge02,1920,1,PHI,NL,43,72,5,7,0,0,0,3,0,0,5,26,,0,8,,
smithja03,1920,1,SLN,NL,91,313,53,104,22,5,1,28,14,9,25,23,,2,6,,
smithpa02,1920,1,BOS,AL,2,2,0,0,0,0,0,0,0,0,0,1,,0,0,,
smithsh01,1920,1,BRO,NL,33,43,6,10,2,2,0,3,1,0,1,9,,0,0,,
snydebi01,1920,1,WS1,AL,16,19,1,6,0,0,0,2,0,0,1,3,,0,0,,
snydefr01,1920,1,NY1,NL,87,264,26,66,13,4,3,27,2,2,17,18,,0,11,,
sothoal01,1920,1,SLA,AL,36,72,4,16,1,1,0,6,0,1,2,10,,0,5,,
southbi01,1920,1,PIT,NL,146,546,64,155,17,13,2,53,23,25,52,20,,2,17,,
speaktr01,1920,1,CLE,AL,150,552,137,214,50,11,8,107,10,13,97,13,,5,20,,
spencve01,1920,1,NY1,NL,45,140,15,28,2,3,0,19,4,3,11,17,,0,1,,
sperapa01,1920,1,SLA,AL,1,2,0,0,0,0,0,0,0,0,0,0,,0,0,,
stanaos01,1920,1,DET,AL,78,238,12,55,17,0,0,17,0,0,14,21,,1,8,,
statzji01,1920,1,NY1,NL,16,30,0,4,0,1,0,5,0,1,2,9,,0,1,,
statzji01,1920,2,BOS,AL,2,3,0,0,0,0,0,0,0,0,0,0,,0,0,,
stengca01,1920,1,PHI,NL,129,445,53,130,25,6,9,50,7,13,38,35,,6,15,,
stockmi01,1920,1,SLN,NL,155,639,85,204,28,6,0,76,15,17,40,27,,1,28,,
strunam01,1920,1,PHA,AL,58,202,23,60,9,3,0,20,0,6,21,9,,0,9,,
strunam01,1920,2,CHA,AL,53,188,33,45,8,1,1,16,1,0,28,15,,0,2,,
stylele01,1920,1,PHA,AL,24,50,5,13,3,1,0,5,1,0,6,7,,0,0,,
sullijo04,1920,1,BSN,NL,81,250,36,74,14,4,1,28,3,2,29,29,,2,9,,
summaho01,1920,1,PIT,NL,10,22,1,7,1,1,0,1,1,0,3,1,,0,4,,
swartmo01,1920,1,CIN,NL,1,4,0,2,0,0,0,0,0,0,0,0,,0,0,,
tayloza02,1920,1,BRO,NL,9,13,3,5,2,0,0,5,0,1,0,2,,0,0,,
terryze01,1920,1,CHN,NL,133,496,56,139,26,9,0,52,12,16,44,22,,2,33,,
theisja01,1920,1,CIN,NL,1,0,0,0,0,0,0,0,0,0,0,0,0,0,0,0,0
thomafr02,1920,1,PHA,AL,76,255,27,59,6,3,1,11,8,4,26,17,,2,12,,
thomafr02,1920,2,WS1,AL,3,7,0,1,0,0,0,0,0,1,0,1,,0,0,,
thomapi01,1920,1,CLE,AL,9,9,2,3,1,0,0,0,0,0,3,1,,0,0,,
thompfr02,1920,1,SLA,AL,22,53,7,9,0,0,0,5,1,1,13,10,,1,0,,
thormha01,1920,1,NYA,AL,29,45,3,10,4,1,0,8,0,0,2,17,,0,5,,
tiernco01,1920,1,PIT,NL,12,46,4,11,5,0,0,8,1,1,3,4,,0,3,,
tobinja01,1920,1,SLA,AL,147,593,94,202,34,10,4,62,21,13,39,23,,2,18,,
toneyfr01,1920,1,NY1,NL,42,96,6,23,4,2,0,8,0,1,3,19,,0,2,,
torphre01,1920,1,BSN,NL,3,15,1,3,2,0,0,2,0,0,0,1,,0,0,,
torreri01,1920,1,WS1,AL,16,30,8,10,1,0,0,3,0,0,1,4,,0,0,,
townsir01,1920,1,BSN,NL,4,2,0,0,0,0,0,0,0,0,0,1,,0,0,,
townsle01,1920,1,BSN,NL,7,6,1,1,0,0,0,0,0,0,1,3,,0,1,,
tragewa01,1920,1,PHI,NL,62,176,17,37,11,1,6,26,4,0,4,36,,2,1,,
traynpi01,1920,1,PIT,NL,17,52,6,11,3,1,0,2,1,3,3,6,,1,0,,
tueroos01,1920,1,SLN,NL,2,0,0,0,0,0,0,0,0,0,0,0,0,0,0,0,0
turnete02,1920,1,CHN,NL,1,1,0,0,0,0,0,0,0,0,0,1,,0,0,,
twombba01,1920,1,CHN,NL,78,183,25,43,1,1,2,14,5,9,17,20,,1,4,,
tylerle01,1920,1,CHN,NL,29,65,6,17,3,1,0,6,0,0,9,7,,0,2,,
uhlege01,1920,1,CLE,AL,27,32,4,11,0,0,0,2,1,0,2,2,,0,0,,
vangiel01,1920,1,SLA,AL,24,30,3,4,0,0,0,1,0,0,2,3,,0,0,,
vaughhi01,1920,1,CHN,NL,40,102,14,22,3,1,1,12,0,0,12,23,,0,2,,
veachbo01,1920,1,DET,AL,154,612,92,188,39,15,11,113,11,7,36,22,,7,15,,
veddelo01,1920,1,DET,AL,1,0,0,0,0,0,0,0,0,0,0,0,0,0,0,0,0
vicksa01,1920,1,NYA,AL,51,118,21,26,7,1,0,11,1,1,14,20,,2,1,,
vittos01,1920,1,BOS,AL,87,296,50,65,10,4,1,28,5,4,43,10,,1,26,,
walkecu01,1920,1,NY1,NL,8,14,0,1,0,0,0,0,0,0,1,3,,0,0,,
walkefr01,1920,1,PHA,AL,24,91,10,21,2,2,0,10,0,2,5,14,,2,2,,
walkejo01,1920,1,PHA,AL,9,22,0,5,1,0,0,5,0,0,0,1,,0,2,,
walketi01,1920,1,PHA,AL,149,585,79,157,23,7,17,82,8,3,41,59,,4,18,,
walshwa01,1920,1,PHI,NL,2,0,0,0,0,0,0,0,0,0,0,0,,0,0,,
waltero01,1920,1,BOS,AL,88,258,25,51,11,1,0,28,2,2,30,21,,9,11,,
wambsbi01,1920,1,CLE,AL,153,565,83,138,16,11,1,55,9,18,54,26,,5,40,,
wardaa01,1920,1,NYA,AL,127,496,62,127,18,7,11,55,7,5,33,84,,1,17,,
wardch01,1920,1,BRO,NL,19,71,7,11,1,0,0,4,1,0,3,3,,1,6,,
watsomu01,1920,1,BSN,NL,1,1,0,0,0,0,0,0,0,0,0,0,0,0,0,,0
watsomu01,1920,2,PIT,NL,5,3,0,0,0,0,0,0,0,0,0,2,,0,0,,
watsomu01,1920,3,BSN,NL,12,23,2,3,0,0,0,1,0,0,1,9,,0,1,,
wattal01,1920,1,WS1,AL,1,1,0,1,1,0,0,1,0,0,0,0,,0,0,,
weavebu01,1920,1,CHA,AL,151,629,102,208,34,8,2,75,19,17,28,23,,6,27,,
weilmca01,1920,1,SLA,AL,30,63,6,11,0,0,0,6,0,0,4,12,,1,4,,
weinele01,1920,1,PHI,NL,10,5,0,0,0,0,0,0,0,0,0,1,,0,0,,
welchfr01,1920,1,PHA,AL,100,360,43,93,17,5,4,40,2,9,26,41,,2,8,,
wetzedu01,1920,1,SLA,AL,7,21,5,9,1,1,0,5,0,1,4,1,,0,1,,
wheatma01,1920,1,PHI,NL,78,230,15,52,10,3,3,20,3,1,8,35,,3,3,,
wheatza01,1920,1,BRO,NL,148,583,89,191,26,13,9,73,8,10,48,21,,6,6,,
whelato01,1920,1,BSN,NL,1,1,0,0,0,0,0,0,0,0,1,1,,0,0,,
whittpo01,1920,1,PIT,NL,134,494,53,129,11,12,1,74,11,11,35,36,,3,23,,
wilkiro01,1920,1,CHA,AL,34,48,5,7,0,1,0,2,0,0,1,12,,0,1,,
willicy01,1920,1,PHI,NL,148,590,88,192,36,10,15,72,18,12,32,45,,4,17,,
willike01,1920,1,SLA,AL,141,521,90,160,34,13,10,72,18,8,41,26,,4,26,,
willile01,1920,1,CHA,AL,39,101,5,22,2,1,0,11,0,0,7,16,,0,8,,
wilsoar01,1920,1,BSN,NL,16,19,0,1,0,0,0,0,0,0,1,1,,1,0,,
wilsomu01,1920,1,DET,AL,3,4,0,1,0,0,0,1,0,0,0,1,,0,1,,
wingoed01,1920,1,PHA,AL,1,4,0,1,0,0,0,1,0,0,0,0,,0,0,,
wingoiv01,1920,1,CIN,NL,108,364,32,96,11,5,2,38,6,4,19,13,,0,8,,
winteje01,1920,1,NY1,NL,21,7,0,0,0,0,0,0,0,0,0,1,,0,0,,
wisneja01,1920,1,PIT,NL,17,7,0,0,0,0,0,0,0,0,0,3,,1,0,,
withrfr01,1920,1,PHI,NL,48,132,8,24,4,1,0,12,0,0,8,26,,2,2,,
wittwh01,1920,1,PHA,AL,65,218,29,70,11,3,1,25,2,3,27,16,,0,8,,
woodala01,1920,1,DET,AL,18,49,4,12,1,0,0,5,0,0,2,6,,0,3,,
woodjo02,1920,1,CLE,AL,61,137,25,37,11,2,1,30,1,1,25,16,,2,12,,
wrighru01,1920,1,PHI,NL,76,206,23,54,6,1,3,17,3,2,10,25,,2,2,,
youngra01,1920,1,DET,AL,150,594,84,173,21,6,0,33,8,13,85,30,,2,22,,
youngro01,1920,1,NY1,NL,153,581,92,204,27,14,6,78,18,18,75,55,,2,13,,
zachato01,1920,1,WS1,AL,51,111,7,29,6,1,0,11,0,1,10,27,,0,0,,
zinnji01,1920,1,PIT,NL,8,15,2,3,0,1,0,1,0,0,1,5,,0,0,,
acostjo01,1921,1,WS1,AL,33,30,2,2,0,0,0,0,1,0,6,14,,0,1,,
adamsba01,1921,1,PIT,NL,25,63,7,16,2,4,0,6,1,0,1,7,,0,2,,
ainsmed01,1921,1,DET,AL,35,98,6,27,5,2,0,12,1,0,13,7,,0,4,,
ainsmed01,1921,2,SLN,NL,27,62,5,18,0,1,0,5,0,0,3,4,,0,1,,
alexape01,1921,1,CHN,NL,31,95,8,29,3,1,1,14,0,1,2,13,,0,5,,
austiji01,1921,1,SLA,AL,27,66,8,18,2,1,0,2,2,1,4,7,,1,4,,
ayersdo01,1921,1,DET,AL,2,0,0,0,0,0,0,0,0,0,0,0,0,0,0,0,0
bagbyji01,1921,1,CLE,AL,41,76,8,15,7,1,0,11,0,0,0,8,,0,2,,
bailebi01,1921,1,SLN,NL,19,22,0,2,0,0,0,0,0,0,1,5,,0,0,,
bailesw01,1921,1,CHN,NL,3,0,0,0,0,0,0,0,0,0,0,0,0,0,0,0,0
bailesw01,1921,2,BRO,NL,7,5,0,0,0,0,0,0,0,0,1,4,,0,0,,
bakerfr01,1921,1,NYA,AL,94,330,46,97,16,2,9,71,8,5,26,12,,4,9,,
bancrda01,1921,1,NY1,NL,153,606,121,193,26,15,6,67,17,10,66,23,,4,22,,
barbawa01,1921,1,BSN,NL,134,550,66,166,22,7,0,49,11,4,24,28,,0,26,,
barbetu01,1921,1,CHN,NL,127,452,73,142,14,4,1,54,5,9,41,24,,6,14,,
barneje01,1921,1,NY1,NL,42,92,8,19,0,1,0,6,1,2,3,3,,0,4,,
barnesa01,1921,1,DET,AL,7,11,2,2,1,0,0,0,0,0,2,1,,1,0,,
barnhcl01,1921,1,PIT,NL,124,449,66,116,15,13,3,62,3,3,32,36,,3,21,,
barrebi02,1921,1,PHA,AL,14,30,3,7,2,1,0,3,0,0,0,5,,0,0,,
bassljo01,1921,1,DET,AL,119,388,37,119,18,5,0,56,2,1,58,16,,3,14,,
baumgst01,1921,1,PHI,NL,31,30,5,6,1,0,0,1,0,0,5,4,,0,0,,
baynebi01,1921,1,SLA,AL,47,60,11,18,1,1,1,5,0,0,6,8,,3,0,,
behanpe01,1921,1,PHI,NL,2,4,0,0,0,0,0,0,0,0,0,2,,0,0,,
bentoru01,1921,1,NY1,NL,18,21,1,3,1,0,0,1,0,0,1,4,,0,2,,
berryjo02,1921,1,NY1,NL,9,6,0,2,0,1,0,2,0,0,1,1,,0,0,,
bettshu01,1921,1,PHI,NL,32,30,2,8,1,0,0,0,0,0,1,8,,0,0,,
bigbeca01,1921,1,PIT,NL,147,632,100,204,23,17,3,42,21,20,41,19,,0,11,,
bigbely01,1921,1,PIT,NL,5,2,0,0,0,0,0,0,0,0,0,1,,0,0,,
billijo01,1921,1,SLA,AL,20,46,2,10,0,0,0,4,0,0,0,7,,0,1,,
birdre01,1921,1,WS1,AL,1,1,0,0,0,0,0,0,0,0,0,1,,0,0,,
bishobi02,1921,1,PHA,AL,2,3,0,0,0,0,0,0,0,0,0,1,,0,0,,
blackch01,1921,1,CHA,AL,1,0,0,0,0,0,0,0,0,0,0,0,0,0,0,0,0
bluelu01,1921,1,DET,AL,153,585,103,180,33,11,5,75,13,17,103,47,,5,16,,
bodiepi01,1921,1,NYA,AL,31,87,5,15,2,2,0,12,0,1,8,8,,0,2,,
boeckto01,1921,1,BSN,NL,153,592,93,185,20,13,10,84,20,15,52,41,,2,17,,
boehlge01,1921,1,SLA,AL,1,0,0,0,0,0,0,0,0,0,0,0,0,0,0,0,0
bohnesa01,1921,1,CIN,NL,153,613,98,175,28,16,3,44,26,22,54,38,,4,20,,
bolanbe01,1921,1,SLA,AL,7,10,1,1,0,0,0,0,0,0,1,2,,0,0,,
booneda01,1921,1,DET,AL,1,1,0,0,0,0,0,0,0,0,0,0,,0,0,,
bratsfr01,1921,1,CHA,AL,16,28,0,8,1,0,0,3,0,0,0,2,,0,0,,
braxtga01,1921,1,BSN,NL,17,7,0,0,0,0,0,0,0,0,0,6,,0,0,,
brazifr01,1921,1,PHA,AL,66,177,17,48,3,1,0,19,2,4,23,21,,2,4,,
brently01,1921,1,CIN,NL,17,15,1,2,1,0,0,2,0,0,2,4,,0,3,,
bressru01,1921,1,CIN,NL,109,323,41,99,18,6,1,54,5,5,39,20,,2,17,,
brottto01,1921,1,WS1,AL,4,7,1,1,0,0,0,0,0,0,2,1,,0,0,,
brottto01,1921,2,PIT,NL,30,91,6,22,2,0,0,9,0,1,3,11,,0,1,,
browefr01,1921,1,WS1,AL,83,203,31,53,12,3,1,35,1,1,18,7,,3,6,,
browned02,1921,1,NY1,NL,70,128,16,36,6,2,0,12,1,0,4,11,,4,3,,
bruggfr01,1921,1,PHI,NL,96,277,28,86,11,2,5,28,6,2,23,37,,3,5,,
burnsge01,1921,1,NY1,NL,149,605,111,181,28,9,4,61,19,20,80,24,,6,7,,
burnsge02,1921,1,CLE,AL,84,244,52,88,21,4,0,49,3,1,13,19,,2,6,,
burwebi01,1921,1,SLA,AL,33,25,3,6,1,0,0,3,0,0,1,1,,0,0,,
bushdo01,1921,1,DET,AL,104,402,72,113,6,5,0,27,8,11,45,23,,1,40,,
bushdo01,1921,2,WS1,AL,23,84,15,18,1,0,0,2,2,2,12,4,,0,1,,
bushjo01,1921,1,BOS,AL,50,120,19,39,5,4,0,17,2,0,3,14,,0,3,,
cadorle01,1921,1,BRO,NL,35,75,7,14,2,1,1,8,0,2,1,13,,0,3,,
caldwra02,1921,1,CLE,AL,38,53,2,11,4,0,1,3,0,0,2,5,,0,1,,
callafr01,1921,1,PHA,AL,14,50,7,12,1,1,0,4,1,0,2,11,,1,2,,
careyma01,1921,1,PIT,NL,140,521,85,161,34,4,7,56,37,12,70,30,,4,30,,
carlsha01,1921,1,PIT,NL,31,34,3,10,2,0,0,2,0,0,0,6,,0,0,,
causere01,1921,1,PHI,NL,8,20,1,3,2,0,0,0,0,0,0,3,,0,0,,
causere01,1921,2,NY1,NL,9,3,1,1,0,0,0,0,0,0,0,0,,0,0,,
chapled01,1921,1,BOS,AL,3,2,0,0,0,0,0,0,0,0,0,1,,0,0,,
cheevvi01,1921,1,CHN,NL,37,48,3,8,1,0,0,0,0,0,1,13,,0,4,,
chrisll01,1921,1,BSN,NL,62,125,34,44,6,2,3,16,3,4,21,7,,1,4,,
clarkbo03,1921,1,CLE,AL,5,3,0,0,0,0,0,0,0,0,0,0,,0,0,,
clarkle01,1921,1,CIN,NL,1,1,0,0,0,0,0,0,0,0,0,1,,0,0,,
clemove01,1921,1,SLN,NL,117,341,29,109,16,2,2,48,0,0,33,17,,0,7,,
cobbty01,1921,1,DET,AL,128,507,124,197,37,16,12,101,22,15,56,19,,3,15,,
colebe01,1921,1,DET,AL,30,46,12,13,2,3,0,8,0,0,1,4,,0,3,,
collied01,1921,1,CHA,AL,139,526,79,177,20,10,2,58,12,10,66,11,,2,13,,
collipa01,1921,1,SLA,AL,58,111,9,27,3,0,1,10,1,0,16,17,,0,3,,
colliri01,1921,1,NYA,AL,28,56,4,11,0,1,0,6,0,0,3,18,,0,2,,
collish01,1921,1,BOS,AL,141,542,63,155,29,12,4,69,15,8,18,38,,4,20,,
collizi01,1921,1,PHA,AL,24,71,14,20,5,1,0,5,1,2,6,5,,2,1,,
connasa01,1921,1,CHA,AL,5,8,2,4,0,1,0,0,0,0,0,1,,0,0,,
conneto01,1921,1,NYA,AL,4,5,0,1,0,0,0,0,0,0,1,0,,0,0,,
connojo05,1921,1,NY1,NL,2,4,0,0,0,0,0,0,0,0,1,1,,0,0,,
coonejo01,1921,1,BSN,NL,8,5,0,1,0,0,0,0,0,0,0,1,,0,0,,
coopewi01,1921,1,PIT,NL,38,122,11,31,5,2,0,9,0,1,3,7,,2,4,,
coumbfr01,1921,1,CIN,NL,31,25,2,8,1,0,0,4,0,0,0,7,,0,1,,
courtha01,1921,1,WS1,AL,32,47,5,14,3,0,0,5,0,0,0,4,,0,1,,
covelst01,1921,1,CLE,AL,43,116,3,18,5,1,0,16,0,0,4,26,,0,11,,
cranesa02,1921,1,CIN,NL,73,215,20,50,10,2,0,16,2,5,14,14,,4,9,,
cruiswa01,1921,1,BSN,NL,108,344,47,119,16,7,8,55,10,8,48,24,,2,9,,
culloni01,1921,1,SLA,AL,4,3,0,0,0,0,0,0,0,0,0,2,,0,0,,
cunnibi02,1921,1,NY1,NL,40,76,10,21,2,1,1,12,0,1,3,3,,1,3,,
cunnige01,1921,1,DET,AL,1,0,0,0,0,0,0,0,0,0,0,0,,0,0,,
cutshge01,1921,1,PIT,NL,98,350,46,119,18,4,0,53,14,5,11,11,,1,12,,
cuyleki01,1921,1,PIT,NL,1,3,0,0,0,0,0,0,0,0,0,1,,0,0,,
dalyto02,1921,1,CHN,NL,51,143,12,34,7,1,0,22,1,2,8,8,,0,2,,
daubeja01,1921,1,CIN,NL,136,516,69,158,18,12,2,64,12,6,24,16,,3,33,,
daussho01,1921,1,DET,AL,32,88,8,23,2,1,1,11,0,0,4,15,,0,2,,
davenlu01,1921,1,CHA,AL,15,17,3,7,1,0,0,2,0,0,0,8,,0,0,,
davisdi01,1921,1,SLA,AL,40,95,5,20,3,1,0,10,0,0,2,3,,0,4,,
dealch01,1921,1,CHN,NL,115,422,52,122,19,8,3,66,3,5,13,9,,0,19,,
deberjo01,1921,1,SLA,AL,10,2,0,0,0,0,0,0,0,0,0,1,,0,0,,
devoral01,1921,1,NYA,AL,22,49,6,17,4,0,0,7,2,0,2,4,,0,2,,
dillhpi01,1921,1,SLN,NL,76,162,19,39,4,4,0,15,2,1,11,7,,0,2,,
doakbi01,1921,1,SLN,NL,32,70,4,10,2,1,0,1,0,0,0,28,,0,10,,
dodgesa01,1921,1,BOS,AL,1,0,0,0,0,0,0,0,0,0,0,0,0,0,0,0,0
donohpe01,1921,1,CIN,NL,21,38,3,8,1,0,1,4,0,0,0,8,,0,4,,
douglas01,1921,1,CIN,NL,4,7,1,1,0,0,0,0,0,0,0,1,,0,0,,
douglph01,1921,1,NY1,NL,40,81,7,16,2,0,1,10,1,0,3,12,,0,5,,
duganjo01,1921,1,PHA,AL,119,461,54,136,22,6,10,58,5,1,28,45,,5,13,,
duncapa01,1921,1,CIN,NL,145,532,57,164,27,10,2,60,7,18,44,33,,5,18,,
dykesji01,1921,1,PHA,AL,155,613,88,168,32,13,16,77,6,5,60,75,,15,13,,
eayrsed01,1921,1,BSN,NL,15,15,0,1,0,0,0,1,0,0,0,4,,0,0,,
eayrsed01,1921,2,BRO,NL,8,6,1,1,0,0,0,1,0,0,2,0,,0,0,,
ehmkeho01,1921,1,DET,AL,30,74,9,21,3,1,0,9,0,0,1,7,,0,4,,
ellerfr01,1921,1,WS1,AL,10,10,1,2,0,1,0,1,0,0,0,2,,0,0,,
ellerfr01,1921,2,SLA,AL,105,430,65,124,20,12,2,49,1,6,22,42,,3,30,,
ellerho01,1921,1,CIN,NL,13,13,3,3,0,0,0,3,0,0,1,0,,0,0,,
ellioca01,1921,1,CHN,NL,12,28,5,7,2,0,0,0,0,0,5,3,,0,2,,
ericker01,1921,1,WS1,AL,32,60,3,9,1,0,0,1,0,0,4,16,,0,3,,
evansjo01,1921,1,CLE,AL,57,153,36,51,11,0,0,21,4,1,19,5,,1,1,,
ewingre01,1921,1,SLN,NL,3,1,0,0,0,0,0,0,0,0,0,1,,0,0,,
faberre01,1921,1,CHA,AL,43,108,8,16,0,0,0,4,1,0,17,35,,1,8,,
falkbi01,1921,1,CHA,AL,152,585,62,167,31,11,5,82,4,4,37,69,,2,24,,
fenneho01,1921,1,CHA,AL,2,2,0,0,0,0,0,0,0,0,0,1,,0,0,,
fergual01,1921,1,NYA,AL,17,19,1,4,0,0,0,2,0,0,0,5,,0,0,,
fewstch01,1921,1,NYA,AL,66,207,44,58,19,0,1,19,4,4,28,43,,6,7,,
fillida01,1921,1,BSN,NL,45,85,12,21,0,0,2,8,0,1,9,8,,0,1,,
flackma01,1921,1,CHN,NL,133,572,80,172,31,4,6,37,17,11,32,15,,4,7,,
flagsir01,1921,1,DET,AL,85,259,40,79,16,2,0,31,8,4,21,21,,6,11,,
fonsele01,1921,1,CIN,NL,82,297,38,82,10,3,1,41,2,3,8,13,,4,10,,
fordho01,1921,1,BSN,NL,152,555,50,155,29,5,2,61,2,11,36,49,,4,19,,
fossge01,1921,1,WS1,AL,4,7,0,0,0,0,0,0,0,0,0,1,,0,0,,
fosteed02,1921,1,BOS,AL,120,412,51,117,18,6,0,35,13,7,57,15,,0,16,,
fournja01,1921,1,SLN,NL,149,574,103,197,27,9,16,86,20,22,56,48,,8,23,,
freembu02,1921,1,CHN,NL,38,53,3,11,1,0,0,2,0,0,3,27,,1,1,,
freemha01,1921,1,PHA,AL,18,12,1,1,0,0,0,0,0,0,0,6,,0,1,,
friscfr01,1921,1,NY1,NL,153,618,121,211,31,17,8,100,49,13,42,28,,1,26,,
fuhros01,1921,1,CHN,NL,1,1,0,0,0,0,0,0,0,0,0,1,,0,0,,
fulghdo01,1921,1,PHA,AL,2,2,0,0,0,0,0,0,0,0,1,1,,0,0,,
fullecu01,1921,1,BOS,AL,4,4,0,0,0,0,0,0,0,0,1,0,,0,0,,
gainene01,1921,1,WS1,AL,4,1,0,0,0,0,0,0,0,0,0,0,,0,0,,
galloch01,1921,1,PHA,AL,131,465,42,123,28,5,3,47,12,7,29,43,,2,12,,
gardnla01,1921,1,CLE,AL,153,586,101,187,32,14,3,120,3,3,65,16,,4,31,,
gastoal01,1921,1,NY1,NL,20,22,1,5,1,1,0,3,0,0,1,9,,0,0,,
gearybo01,1921,1,CIN,NL,10,8,0,2,0,0,0,1,0,0,0,1,,0,0,,
gerbewa01,1921,1,SLA,AL,114,436,55,121,12,9,2,48,4,7,34,19,,5,20,,
gharrpa01,1921,1,WS1,AL,121,387,62,120,19,8,7,57,4,3,45,44,,3,17,,
gibsofr01,1921,1,BSN,NL,63,125,14,33,5,4,2,13,0,0,3,17,,2,3,,
gilhage01,1921,1,SLN,NL,1,1,0,0,0,0,0,0,0,0,0,0,,0,0,,
glaznwh01,1921,1,PIT,NL,36,76,4,10,1,2,0,1,0,0,3,19,,0,6,,
gleasbi03,1921,1,SLA,AL,26,74,6,19,0,1,0,8,0,1,6,6,,2,1,,
gonzami01,1921,1,NY1,NL,13,24,3,9,1,0,0,0,0,0,1,0,,0,2,,
goochjo01,1921,1,PIT,NL,13,38,2,9,0,0,0,3,1,0,3,3,,0,1,,
goodwma01,1921,1,SLN,NL,14,6,0,0,0,0,0,0,0,0,1,2,,0,3,,
gordira01,1921,1,BRO,NL,3,4,0,1,0,0,0,0,0,0,1,2,,0,0,,
gosligo01,1921,1,WS1,AL,14,50,8,13,1,1,1,6,0,0,6,5,,1,1,,
gowdyha01,1921,1,BSN,NL,64,164,17,49,7,2,2,17,2,0,16,11,,2,6,,
graneja01,1921,1,CLE,AL,68,107,19,32,3,0,2,18,1,1,20,9,,1,5,,
griffiv01,1921,1,PHA,AL,39,103,14,33,4,2,0,13,1,2,5,6,,3,2,,
griffto01,1921,1,BRO,NL,129,455,66,142,21,6,12,71,3,3,36,13,,1,17,,
grimebu01,1921,1,BRO,NL,37,114,10,27,6,0,1,11,1,1,2,16,,1,4,,
grimera01,1921,1,CHN,NL,147,530,91,170,38,6,6,79,5,8,70,55,,6,16,,
grimmch01,1921,1,PIT,NL,151,562,62,154,21,17,7,71,6,8,31,38,,2,16,,
grohhe01,1921,1,CIN,NL,97,357,54,118,19,6,0,48,22,14,36,17,,4,19,,
guistlo01,1921,1,CLE,AL,2,2,0,1,0,0,0,1,0,0,0,1,,0,0,,
haineje01,1921,1,SLN,NL,39,94,9,17,1,0,0,6,0,0,1,23,,0,4,,
halesa01,1921,1,DET,AL,9,2,2,0,0,0,0,0,0,1,0,1,,0,0,,
hamilea01,1921,1,PIT,NL,35,75,9,12,1,3,0,7,1,1,6,17,,0,5,,
hansool01,1921,1,CHN,NL,2,3,0,0,0,0,0,0,0,0,0,2,,0,0,,
hargrbu01,1921,1,CIN,NL,93,263,28,76,17,8,1,38,4,2,12,15,,3,6,,
harpeha01,1921,1,NYA,AL,8,16,1,2,0,0,0,1,0,0,1,4,,0,0,,
harribu01,1921,1,WS1,AL,154,584,82,169,22,8,0,54,29,9,54,39,,18,27,,
harrisl01,1921,1,PHA,AL,39,81,1,12,1,0,0,7,0,0,0,31,,0,5,,
hastybo01,1921,1,PHA,AL,35,68,5,20,4,0,0,7,0,0,2,17,,0,1,,
hawksch01,1921,1,NYA,AL,41,73,16,21,2,3,2,15,0,1,5,12,,0,1,,
heathcl01,1921,1,SLN,NL,62,156,18,38,6,2,0,9,7,5,10,9,,1,10,,
heilmha01,1921,1,DET,AL,149,602,114,237,43,14,19,139,2,6,53,37,,2,15,,
heimafr01,1921,1,PHA,AL,1,4,0,1,0,0,0,1,0,0,0,1,,0,0,,
heinebu01,1921,1,NY1,NL,1,2,0,0,0,0,0,0,0,0,0,0,,0,0,,
hendebe01,1921,1,CLE,AL,3,1,0,0,0,0,0,0,0,0,1,0,,0,0,,
hendrti01,1921,1,BOS,AL,49,137,10,33,8,2,0,22,1,1,24,13,,2,6,,
henlibu01,1921,1,NY1,NL,1,1,0,0,0,0,0,0,0,0,0,1,,0,0,,
henlibu01,1921,2,PHI,NL,33,111,8,34,2,0,0,8,1,0,2,6,,0,2,,
henrydu01,1921,1,SLA,AL,1,1,0,1,0,0,0,0,0,0,0,0,,0,0,,
hilleho02,1921,1,BOS,AL,1,1,0,0,0,0,0,0,0,0,0,0,,0,0,,
hodgesh01,1921,1,CHA,AL,36,52,6,17,3,1,0,2,0,0,0,10,,0,3,,
hofmafr01,1921,1,NYA,AL,23,62,7,11,1,1,1,5,0,0,5,13,,1,0,,
hoganke01,1921,1,CIN,NL,1,2,0,0,0,0,0,0,0,0,0,1,,0,0,,
holkewa01,1921,1,BSN,NL,150,579,60,151,15,10,3,63,8,11,17,41,,2,23,,
hollica01,1921,1,DET,AL,35,48,4,13,2,0,0,5,0,0,3,4,,0,2,,
holloch01,1921,1,CHN,NL,140,558,71,161,28,8,3,37,5,16,43,13,,2,26,,
hoodwa01,1921,1,BRO,NL,56,65,16,17,1,2,1,4,2,2,9,14,,1,0,,
hoopeha01,1921,1,CHA,AL,108,419,74,137,26,5,8,58,13,7,55,21,,1,12,,
hornsro01,1921,1,SLN,NL,154,592,131,235,44,18,21,126,13,13,60,48,,7,15,,
hoytwa01,1921,1,NYA,AL,43,99,8,22,1,1,0,7,0,0,2,17,,0,9,,
hubbebi01,1921,1,PHI,NL,36,75,9,12,3,0,1,3,0,0,5,26,,1,1,,
hubercl01,1921,1,DET,AL,1,0,0,0,0,0,0,0,0,0,0,0,,0,0,,
hughebi02,1921,1,PIT,NL,1,0,0,0,0,0,0,0,0,0,0,0,0,0,0,0,0
huntehe01,1921,1,SLN,NL,9,2,3,0,0,0,0,0,0,3,1,0,,0,0,,
irwinwa01,1921,1,SLN,NL,4,1,1,0,0,0,0,0,0,0,0,1,,0,0,,
jacobba01,1921,1,SLA,AL,151,599,90,211,38,14,5,92,8,8,42,30,,3,19,,
jamiech01,1921,1,CLE,AL,140,536,94,166,33,10,1,46,8,4,67,27,,1,4,,
janvrha01,1921,1,SLN,NL,18,32,5,9,1,0,0,5,1,0,1,0,,0,2,,
janvrha01,1921,2,BRO,NL,44,92,8,18,4,0,0,14,3,1,7,6,,0,3,,
jeanete01,1921,1,CLE,AL,5,3,2,2,1,0,0,4,0,0,1,0,,0,1,,
johnsdo01,1921,1,CLE,AL,118,384,53,114,20,7,2,46,2,9,29,15,,4,27,,
johnser01,1921,1,CHA,AL,142,613,93,181,28,7,1,51,22,13,29,24,,1,21,,
johnsji01,1921,1,BRO,NL,152,624,104,203,41,14,5,56,28,16,45,26,,1,19,,
johnspa01,1921,1,PHA,AL,48,127,17,40,6,2,1,10,0,2,9,17,,0,3,,
johnswa01,1921,1,WS1,AL,38,111,10,30,7,0,0,10,0,0,6,14,,0,2,,
jonesbo01,1921,1,DET,AL,141,554,82,168,23,9,1,72,8,9,37,24,,1,26,,
jonesho01,1921,1,SLN,NL,3,2,0,0,0,0,0,0,0,0,0,1,,0,0,,
jonespe01,1921,1,CHN,NL,32,27,1,6,0,0,0,3,0,0,1,14,,0,0,,
jonessa01,1921,1,BOS,AL,43,100,11,24,3,1,2,14,1,1,10,25,,2,2,,
jonnacl01,1921,1,NY1,NL,1,1,0,0,0,0,0,0,0,0,0,1,,0,0,,
judgejo01,1921,1,WS1,AL,153,622,87,187,26,11,7,72,21,6,68,35,,3,22,,
karrbe01,1921,1,BOS,AL,43,62,7,16,2,0,0,9,1,0,3,16,,0,4,,
kaufmto01,1921,1,CHN,NL,2,5,0,2,1,0,0,0,0,0,0,1,,0,0,,
keefeda01,1921,1,PHA,AL,44,57,5,10,0,1,0,1,1,1,2,8,,0,0,,
keenaji02,1921,1,PHI,NL,15,9,0,0,0,0,0,0,0,0,0,4,,0,0,,
keenvi01,1921,1,CHN,NL,5,5,0,0,0,0,0,0,0,0,1,3,,0,1,,
kellejo02,1921,1,CHN,NL,95,301,31,93,11,7,4,47,2,5,16,16,,1,23,,
kellyge01,1921,1,NY1,NL,149,587,95,181,42,9,23,122,4,12,40,73,,3,17,,
kerrdi01,1921,1,CHA,AL,45,105,14,25,4,3,0,11,2,2,15,8,,1,5,,
kildupe01,1921,1,BRO,NL,107,372,45,107,15,10,3,45,6,6,31,36,,1,16,,
killebi01,1921,1,CHN,NL,45,133,11,43,1,0,0,16,3,3,4,4,,3,4,,
kimmiwa01,1921,1,CIN,NL,3,6,0,1,0,0,0,1,0,0,0,1,,0,1,,
kingle02,1921,1,NY1,NL,39,94,17,21,4,2,0,7,0,2,13,6,,1,2,,
kingle02,1921,2,PHI,NL,64,216,25,58,19,4,4,32,1,4,8,37,,1,4,,
kirchmi01,1921,1,SLN,NL,3,0,0,0,0,0,0,0,0,0,0,0,0,0,0,0,0
klugmjo01,1921,1,CHN,NL,6,21,3,6,0,0,0,2,0,1,1,2,,1,1,,
kolpra01,1921,1,SLA,AL,38,55,5,7,0,0,0,1,0,0,0,8,,0,8,,
koneted01,1921,1,BRO,NL,55,197,25,53,6,5,3,23,3,3,19,21,,1,5,,
koneted01,1921,2,PHI,NL,72,268,38,86,17,4,8,59,3,0,21,17,,4,4,,
kopfla01,1921,1,CIN,NL,107,367,36,80,8,3,1,25,3,14,43,20,,6,11,,
kopfwa01,1921,1,NY1,NL,2,3,0,1,0,0,0,0,0,0,1,1,,0,0,,
krueger01,1921,1,BRO,NL,65,163,18,43,11,4,3,20,2,2,14,12,,0,1,,
lamarbi01,1921,1,BRO,NL,3,3,2,1,0,0,0,0,0,0,0,0,,0,0,,
lambly01,1921,1,SLA,AL,45,134,18,34,9,2,1,17,0,0,4,12,,1,10,,
lamotbo01,1921,1,WS1,AL,16,41,5,8,0,0,0,2,0,0,5,0,,0,2,,
lavando01,1921,1,SLN,NL,150,560,58,145,23,11,2,82,7,7,23,30,,2,22,,
leboube01,1921,1,PHI,NL,93,281,42,83,12,5,6,35,4,5,29,51,,0,9,,
leecl01,1921,1,PHI,NL,88,286,31,88,14,4,4,29,5,2,13,34,,0,5,,
leedu01,1921,1,SLA,AL,72,180,18,30,4,2,0,11,1,1,14,34,,2,5,,
leesge01,1921,1,CHA,AL,20,42,3,9,2,0,0,4,0,1,0,3,,0,1,,
leibone01,1921,1,BOS,AL,123,467,88,143,26,6,0,31,13,7,41,27,,1,16,,
leifeel01,1921,1,CHA,AL,9,10,0,3,0,0,0,1,0,0,0,4,,0,0,,
leonadu01,1921,1,DET,AL,36,82,6,14,1,0,0,5,0,0,5,13,,0,5,,
lewisdu01,1921,1,WS1,AL,27,102,11,19,4,1,0,14,1,1,8,10,,1,3,,
luquedo01,1921,1,CIN,NL,42,111,7,30,7,1,0,8,0,1,2,9,,1,5,,
mahadji01,1921,1,NY1,NL,1,0,0,0,0,0,0,0,0,0,0,0,,0,0,,
mailsdu01,1921,1,CLE,AL,34,64,5,6,2,0,0,4,0,0,9,38,,0,8,,
maisege01,1921,1,CHN,NL,111,393,54,122,7,2,0,43,17,7,11,13,,3,20,,
mallobe01,1921,1,PHA,AL,7,25,2,6,1,0,0,4,1,0,1,2,,0,1,,
mamaual01,1921,1,BRO,NL,12,11,2,2,0,0,0,1,0,0,1,3,,0,1,,
maniocl01,1921,1,DET,AL,12,10,0,2,0,0,0,2,0,0,2,2,,1,1,,
mannle01,1921,1,SLN,NL,97,256,57,84,12,7,7,30,5,5,23,28,,3,7,,
maranra01,1921,1,PIT,NL,153,612,90,180,25,12,1,70,25,12,47,38,,3,23,,
marklcl01,1921,1,CIN,NL,10,24,1,3,1,0,0,0,0,0,0,4,,0,0,,
marquru01,1921,1,CIN,NL,39,95,3,19,3,0,0,10,0,0,0,16,,1,3,,
marriwi01,1921,1,CHN,NL,30,38,3,12,1,1,0,7,0,1,4,1,,0,2,,
martisp01,1921,1,CHN,NL,37,73,2,17,4,1,0,6,1,0,1,16,,0,2,,
mayja01,1921,1,SLN,NL,5,6,0,2,0,0,0,0,0,0,1,0,,0,0,,
maysca01,1921,1,NYA,AL,51,143,18,49,5,1,2,22,0,0,4,7,,1,8,,
mccanem01,1921,1,PHA,AL,52,157,15,35,5,0,0,15,2,1,4,6,,0,4,,
mccarle01,1921,1,SLN,NL,1,1,0,0,0,0,0,0,0,0,0,1,,0,0,,
mccleha01,1921,1,CHA,AL,63,196,20,35,4,1,1,14,2,3,14,18,,1,4,,
mchenau01,1921,1,SLN,NL,152,574,92,201,37,8,17,102,10,20,38,48,,2,14,,
mcilrva01,1921,1,WS1,AL,1,0,0,0,0,0,0,0,0,0,0,0,0,0,0,0,0
mcinnst01,1921,1,BOS,AL,152,584,72,179,31,10,0,76,2,4,21,9,,4,35,,
mcmanma01,1921,1,SLA,AL,121,412,49,107,19,8,3,67,5,3,27,30,,2,25,,
mcnalmi01,1921,1,NYA,AL,71,215,36,56,4,2,1,24,5,6,14,15,,0,11,,
mcquihu01,1921,1,BSN,NL,45,88,9,18,5,1,1,7,0,0,1,13,,0,5,,
mcweedo01,1921,1,CHA,AL,27,31,2,1,1,0,0,1,0,0,3,21,,0,1,,
meadole01,1921,1,PHI,NL,28,62,9,13,1,0,3,8,0,0,4,18,,0,4,,
menosmi01,1921,1,BOS,AL,133,477,77,143,18,5,3,45,12,6,60,45,,9,19,,
merrihe01,1921,1,DET,AL,20,46,3,17,1,2,0,6,1,0,1,5,,1,1,,
meusebo01,1921,1,NYA,AL,149,598,104,190,40,16,24,136,17,6,34,88,,2,12,,
meuseir01,1921,1,PHI,NL,84,343,59,121,21,7,12,51,8,4,18,17,,0,4,,
meuseir01,1921,2,NY1,NL,62,243,37,80,12,6,2,36,5,9,15,12,,2,4,,
michajo01,1921,1,CHA,AL,2,0,0,0,0,0,0,0,0,0,0,0,0,0,0,0,0
middlji01,1921,1,DET,AL,38,34,2,5,1,0,0,4,0,0,2,0,,0,4,,
milancl01,1921,1,WS1,AL,113,406,55,117,19,11,1,40,4,5,37,13,,2,10,,
miljujo01,1921,1,BRO,NL,28,30,1,5,0,0,0,2,0,1,0,2,,0,0,,
millebi02,1921,1,WS1,AL,114,420,57,121,28,8,9,73,3,4,25,50,,4,17,,
milledo02,1921,1,PHI,NL,84,320,37,95,11,3,0,23,3,5,15,27,,1,7,,
milleel01,1921,1,NYA,AL,56,242,41,72,9,8,4,36,2,2,19,16,,3,6,,
milleot01,1921,1,BRO,NL,91,286,22,67,8,6,1,27,2,1,9,26,,1,19,,
millera03,1921,1,PHI,NL,57,204,19,62,10,0,3,26,3,5,6,10,,1,1,,
millera04,1921,1,WS1,AL,1,0,0,0,0,0,0,0,0,0,0,0,0,0,0,0,0
minerra01,1921,1,PHA,AL,1,0,0,0,0,0,0,0,0,0,0,0,0,0,0,0,0
mitchcl01,1921,1,BRO,NL,46,91,11,24,5,0,0,12,3,1,5,7,,2,0,,
mitchjo01,1921,1,NYA,AL,13,42,4,11,1,0,0,2,1,0,4,4,,0,1,,
mogrige01,1921,1,WS1,AL,38,98,7,15,2,0,0,4,2,3,7,29,,0,3,,
moharge01,1921,1,BRO,NL,2,2,0,1,0,0,0,1,0,0,0,0,,0,0,,
mokanjo01,1921,1,PIT,NL,19,52,7,14,3,2,0,9,0,0,5,3,,0,2,,
monrojo01,1921,1,NY1,NL,19,21,4,3,0,0,1,3,0,0,3,6,,1,0,,
monrojo01,1921,2,PHI,NL,41,133,13,38,4,2,1,8,2,2,11,9,,1,3,,
moorero01,1921,1,PHA,AL,31,74,10,19,2,0,3,11,0,0,5,12,,0,0,,
morgacy02,1921,1,BSN,NL,17,5,0,0,0,0,0,0,0,0,0,3,,0,0,,
morribu01,1921,1,CHA,AL,3,6,0,2,0,0,0,0,0,0,0,2,,0,0,,
morribu01,1921,2,SLA,AL,3,1,0,1,0,0,0,0,0,0,0,0,,0,0,,
morrijo04,1921,1,PIT,NL,21,42,6,5,0,1,0,0,0,0,5,7,,0,4,,
morriph01,1921,1,PIT,NL,1,0,0,0,0,0,0,0,0,0,0,0,0,0,0,0,0
mortogu01,1921,1,CLE,AL,30,35,1,6,1,0,0,6,0,0,1,8,,0,3,,
mostijo01,1921,1,CHA,AL,100,326,43,98,21,7,3,42,10,12,28,35,,13,9,,
muellhe01,1921,1,SLN,NL,55,176,25,62,10,6,1,34,2,4,11,22,,2,4,,
mullebi01,1921,1,SLA,AL,4,4,0,0,0,0,0,0,0,0,2,1,,0,0,,
mullied01,1921,1,CHA,AL,151,609,82,153,21,12,1,45,13,18,32,53,,4,34,,
mulredo01,1921,1,CHA,AL,12,20,1,3,0,0,0,1,0,0,0,2,,1,1,,
murphed02,1921,1,CHA,AL,6,5,1,1,0,0,0,0,0,0,0,0,,0,0,,
myattgl01,1921,1,PHA,AL,44,69,6,14,2,0,0,5,1,0,6,7,,0,3,,
myersel01,1921,1,BOS,AL,30,65,7,14,1,0,0,5,0,0,1,6,,0,1,,
myershy01,1921,1,BRO,NL,144,549,51,158,14,4,4,68,8,6,22,51,,2,22,,
napiebu01,1921,1,CIN,NL,22,14,2,2,1,1,0,0,0,0,3,1,,0,0,,
nayloro01,1921,1,PHA,AL,33,52,3,6,2,0,0,1,0,0,2,16,,2,1,,
nealegr01,1921,1,PHI,NL,22,57,7,12,1,0,0,1,3,4,14,9,,0,1,,
nealegr01,1921,2,CIN,NL,63,241,39,58,10,5,0,12,9,6,22,16,,1,5,,
nehfar01,1921,1,NY1,NL,42,89,9,18,2,0,0,5,0,0,7,10,,0,8,,
neisbe01,1921,1,BRO,NL,102,230,34,59,5,4,4,34,9,7,25,41,,1,9,,
neitzer01,1921,1,BOS,AL,11,25,3,6,0,0,0,2,0,0,4,4,,0,0,,
nichofr02,1921,1,BSN,NL,83,245,36,80,11,7,5,41,5,4,17,29,,0,9,,
niebech01,1921,1,SLN,NL,5,6,1,1,0,0,0,0,0,0,0,0,,0,0,,
nixonal01,1921,1,BSN,NL,55,138,25,33,6,3,1,9,3,2,7,11,,1,6,,
northlo01,1921,1,SLN,NL,40,19,2,3,0,0,0,1,0,0,1,4,,0,0,,
nunamle01,1921,1,CLE,AL,46,131,16,47,7,2,0,25,1,1,11,8,,0,6,,
odenwte01,1921,1,CLE,AL,10,3,0,0,0,0,0,0,0,0,0,2,,0,0,,
oeschjo01,1921,1,BSN,NL,46,110,9,28,1,0,0,11,0,0,3,13,,0,2,,
ofarrbo01,1921,1,CHN,NL,96,260,32,65,12,7,4,32,2,0,18,14,,0,3,,
oldhare01,1921,1,DET,AL,42,85,12,19,1,3,2,7,0,0,5,23,,0,2,,
olsoniv01,1921,1,BRO,NL,151,652,88,174,22,10,3,35,4,9,28,26,,4,11,,
oneilmi02,1921,1,BSN,NL,98,277,26,69,9,4,2,29,2,2,23,21,,0,13,,
oneilst01,1921,1,CLE,AL,106,335,39,108,22,1,1,50,0,1,57,22,,2,11,,
orourfr01,1921,1,WS1,AL,123,444,51,104,17,8,3,54,6,7,26,56,,7,9,,
osterre01,1921,1,CHA,AL,12,11,2,4,0,0,0,0,0,0,0,2,,0,0,,
palmeem01,1921,1,SLA,AL,29,37,4,8,1,0,0,2,0,0,7,5,,0,0,,
parkifr01,1921,1,PHI,NL,108,391,36,99,20,2,5,32,3,4,13,81,,0,11,,
parkssl01,1921,1,DET,AL,10,9,1,1,0,0,0,0,0,0,1,1,,0,1,,
paskedo01,1921,1,CIN,NL,27,92,8,16,1,1,0,4,0,2,4,8,,0,2,,
pattepa01,1921,1,NY1,NL,23,35,5,14,0,0,1,5,0,1,2,5,,0,0,,
peckiro01,1921,1,NYA,AL,149,577,128,166,25,7,8,71,2,2,84,44,,2,33,,
penceru01,1921,1,CHA,AL,4,1,0,0,0,0,0,0,0,0,0,0,,0,0,,
pennohe01,1921,1,BOS,AL,32,85,9,18,8,0,1,11,0,0,6,10,,1,4,,
perkicy01,1921,1,PHA,AL,141,538,58,155,31,4,12,73,5,9,32,32,,1,10,,
perrijo01,1921,1,BOS,AL,4,13,3,3,0,0,0,1,0,0,0,3,,0,0,,
perripo01,1921,1,NY1,NL,5,3,0,0,0,0,0,0,0,0,0,2,,0,0,,
perripo01,1921,2,DET,AL,4,5,0,2,0,0,0,0,0,0,0,0,,0,0,,
perrysc01,1921,1,PHA,AL,12,26,0,1,0,0,0,0,0,0,0,10,,0,0,,
pertibi01,1921,1,SLN,NL,38,70,5,10,2,0,0,2,0,0,2,16,,0,5,,
peterjo02,1921,1,PHI,NL,55,155,7,45,4,0,3,23,1,0,6,13,,3,3,,
pettyje01,1921,1,CLE,AL,4,2,0,0,0,0,0,0,0,0,0,1,,0,0,,
pfeffje01,1921,1,BRO,NL,6,11,0,0,0,0,0,0,0,0,0,0,,0,0,,
pfeffje01,1921,2,SLN,NL,18,29,2,4,1,0,0,1,0,0,2,7,,1,4,,
phillto01,1921,1,WS1,AL,1,3,0,0,0,0,0,0,0,0,0,3,,0,0,,
picinva01,1921,1,WS1,AL,45,141,10,39,9,0,0,12,0,3,16,21,,1,5,,
piercbi01,1921,1,NYA,AL,14,28,2,6,2,0,0,2,0,0,1,7,,2,0,,
pieroal01,1921,1,BSN,NL,2,1,0,0,0,0,0,0,0,0,0,1,,0,0,,
pippwa01,1921,1,NYA,AL,153,588,96,174,35,9,8,98,17,10,45,28,,1,33,,
pittipi01,1921,1,BOS,AL,40,91,6,18,1,0,0,5,3,2,4,13,,0,3,,
pondeel01,1921,1,PIT,NL,8,10,0,0,0,0,0,0,0,0,0,7,,0,0,,
pondeel01,1921,2,CHN,NL,16,33,0,4,1,0,0,2,0,0,0,9,,0,2,,
powelra01,1921,1,BSN,NL,149,624,114,191,25,18,12,74,6,17,58,85,,4,13,,
prattde01,1921,1,BOS,AL,135,521,80,169,36,10,5,104,8,10,44,10,,1,8,,
prattfr01,1921,1,CHA,AL,1,1,0,0,0,0,0,0,0,0,0,0,,0,0,,
quinnja01,1921,1,NYA,AL,33,41,4,9,2,0,1,4,0,0,3,9,,0,2,,
raderdo01,1921,1,PHI,NL,9,32,4,9,2,0,0,3,0,0,3,5,,0,1,,
raderdr01,1921,1,PIT,NL,1,1,0,0,0,0,0,0,0,0,0,1,,0,0,,
rappgo01,1921,1,NY1,NL,58,181,21,39,9,1,0,15,3,11,15,13,,0,7,,
rappgo01,1921,2,PHI,NL,52,202,28,56,7,1,1,10,6,7,14,8,,0,5,,
rawlijo01,1921,1,PHI,NL,60,254,20,74,14,2,1,16,4,5,8,12,,2,5,,
rawlijo01,1921,2,NY1,NL,86,307,40,82,8,1,1,30,4,4,18,19,,4,13,,
ricesa01,1921,1,WS1,AL,143,561,83,185,39,13,4,79,26,12,38,10,,9,22,,
richbla01,1921,1,PHI,NL,10,5,2,1,1,0,0,0,1,1,0,3,,0,0,,
richmra01,1921,1,SLA,AL,6,4,0,0,0,0,0,0,0,0,0,4,,0,0,,
rileyji02,1921,1,SLA,AL,4,11,0,0,0,0,0,0,0,0,1,3,,0,0,,
ringji01,1921,1,PHI,NL,34,83,7,12,2,0,0,5,0,0,3,29,,1,5,,
rivieti01,1921,1,SLN,NL,18,8,2,3,1,0,0,0,0,0,3,3,,0,0,,
rixeyep01,1921,1,CIN,NL,40,101,7,13,1,0,0,4,0,0,6,11,,0,9,,
roberda01,1921,1,CHN,NL,22,36,7,8,3,0,0,14,0,2,1,3,,0,1,,
roberda01,1921,2,PIT,NL,60,230,29,74,18,3,6,48,4,5,12,16,,2,8,,
rogerto01,1921,1,NYA,AL,6,3,1,1,1,0,0,0,0,0,0,0,,0,0,,
roggecl01,1921,1,CIN,NL,6,10,1,1,0,1,0,1,0,0,2,4,,0,0,,
rohwera01,1921,1,PIT,NL,30,40,6,10,3,2,0,6,0,1,4,8,,0,1,,
rommeed01,1921,1,PHA,AL,46,94,9,18,6,0,0,5,0,2,6,12,,0,10,,
rothbr01,1921,1,NYA,AL,43,152,29,43,9,2,2,10,1,2,19,20,,2,3,,
roushed01,1921,1,CIN,NL,112,418,68,147,27,12,4,71,19,17,31,8,,5,9,,
ruelmu01,1921,1,BOS,AL,113,358,41,99,21,1,1,45,2,7,41,15,,1,12,,
ruethdu01,1921,1,BRO,NL,49,97,12,34,5,2,2,13,1,0,4,9,,0,2,,
russeal01,1921,1,BOS,AL,40,57,2,7,0,0,0,0,0,0,2,19,,0,0,,
russejo01,1921,1,CHA,AL,11,25,1,10,2,0,0,1,0,0,2,7,,0,1,,
ruthba01,1921,1,NYA,AL,152,540,177,204,44,16,59,171,17,13,145,81,,4,4,,
ryanro01,1921,1,NY1,NL,36,45,2,9,1,0,0,1,0,1,5,11,,0,3,,
sallesl01,1921,1,NY1,NL,37,22,2,8,1,0,0,0,0,0,0,2,,0,4,,
sargejo01,1921,1,DET,AL,66,178,21,45,8,5,2,22,2,3,24,26,,0,9,,
schacal01,1921,1,WS1,AL,29,22,3,5,0,0,0,1,0,0,4,2,,0,1,,
schalra01,1921,1,CHA,AL,128,416,32,105,24,4,0,47,3,4,40,36,,7,9,,
schanwa01,1921,1,NYA,AL,134,424,77,134,30,5,6,55,7,4,78,35,,5,6,,
schmara01,1921,1,BRO,NL,95,350,42,107,8,5,1,43,3,4,11,22,,1,15,,
schmiwa01,1921,1,PIT,NL,114,393,30,111,9,3,0,38,10,6,12,13,,2,10,,
schreha01,1921,1,NY1,NL,4,6,2,2,0,0,0,2,0,0,1,1,,0,0,,
schuljo03,1921,1,SLN,NL,92,275,37,85,20,3,6,45,4,3,15,11,,1,13,,
schupfe01,1921,1,SLN,NL,9,14,2,4,0,0,0,3,0,0,0,3,,0,1,,
schupfe01,1921,2,BRO,NL,20,12,0,1,0,0,0,0,0,0,2,8,,0,1,,
scottev01,1921,1,BOS,AL,154,576,65,151,21,9,1,62,5,9,27,21,,0,17,,
scottja01,1921,1,BSN,NL,51,88,14,30,5,1,1,12,0,1,5,7,,0,1,,
sedgwdu01,1921,1,PHI,NL,16,24,1,5,0,0,0,2,0,0,0,4,,0,0,,
seech01,1921,1,CIN,NL,37,106,11,26,5,1,1,7,3,2,7,5,,1,2,,
severha01,1921,1,SLA,AL,143,472,66,153,23,7,2,78,7,2,42,9,,0,17,,
seweljo01,1921,1,CLE,AL,154,572,101,182,36,12,4,93,7,6,80,17,,11,20,,
sewellu01,1921,1,CLE,AL,3,6,0,0,0,0,0,1,0,0,0,3,,0,1,,
shankho01,1921,1,WS1,AL,154,562,81,170,24,18,7,69,11,10,57,38,,3,24,,
shannre01,1921,1,PHA,AL,1,1,0,0,0,0,0,0,0,0,0,0,,0,0,,
shawji01,1921,1,WS1,AL,15,12,2,5,2,0,0,1,0,0,0,4,,0,1,,
shawkbo01,1921,1,NYA,AL,38,90,13,27,2,1,1,11,0,0,2,13,,0,8,,
sheare01,1921,1,NY1,NL,9,9,0,1,0,0,0,1,0,0,0,2,,0,0,,
sheehja01,1921,1,BRO,NL,5,12,2,0,0,0,0,0,0,0,0,1,,0,0,,
sheehto02,1921,1,NYA,AL,12,8,3,5,0,0,0,1,0,0,0,0,,0,2,,
sheelea01,1921,1,CHA,AL,154,563,68,171,25,6,11,95,4,9,57,34,,7,20,,
sherdbi01,1921,1,SLN,NL,39,44,2,5,0,0,0,4,0,0,4,7,,0,0,,
shinagi01,1921,1,CLE,AL,22,29,5,11,1,0,0,4,1,0,6,5,,0,1,,
shockur01,1921,1,SLA,AL,47,104,18,27,4,1,0,9,0,2,18,26,,1,7,,
shortch01,1921,1,DET,AL,92,217,33,59,11,3,0,23,2,3,20,11,,0,6,,
shottbu01,1921,1,SLN,NL,38,48,9,12,1,1,1,7,0,2,7,4,,1,0,,
sislege01,1921,1,SLA,AL,138,582,125,216,38,18,12,104,35,11,34,27,,5,14,,
skiffbi01,1921,1,PIT,NL,16,45,7,13,2,0,0,11,1,1,0,4,,0,2,,
smithea01,1921,1,SLA,AL,25,78,7,26,4,2,2,14,0,0,3,4,,1,1,,
smithea01,1921,2,WS1,AL,59,180,20,39,5,2,2,13,1,0,10,19,,2,4,,
smithea02,1921,1,NY1,NL,89,229,35,77,8,4,10,51,4,3,27,8,,1,4,,
smithel02,1921,1,CLE,AL,129,431,98,125,28,9,16,85,0,2,56,46,,2,16,,
smithge02,1921,1,PHI,NL,39,71,1,4,1,0,0,3,0,0,2,29,,0,1,,
smithja03,1921,1,SLN,NL,116,411,86,135,22,9,7,33,11,6,21,24,,0,7,,
smithji01,1921,1,PHI,NL,67,247,31,57,8,1,4,22,2,8,11,28,,1,11,,
smithsh01,1921,1,BRO,NL,35,57,2,13,3,0,1,2,0,0,1,12,,0,1,,
snydefr01,1921,1,NY1,NL,108,309,36,99,13,2,8,45,3,4,27,24,,4,4,,
sothoal01,1921,1,SLA,AL,5,9,0,1,0,0,0,0,0,0,0,0,,0,1,,
sothoal01,1921,2,BOS,AL,2,2,0,1,1,0,0,0,0,0,0,1,,0,0,,
sothoal01,1921,3,CLE,AL,22,58,4,16,3,1,0,6,0,1,2,10,,0,3,,
southbi01,1921,1,BSN,NL,141,569,86,175,25,15,7,79,22,20,36,13,,2,35,,
speaktr01,1921,1,CLE,AL,132,506,107,183,52,14,3,75,2,4,68,12,,2,12,,
stengca01,1921,1,PHI,NL,24,59,7,18,3,1,0,4,1,1,6,7,,0,1,,
stengca01,1921,2,NY1,NL,18,22,4,5,1,0,0,2,0,1,1,5,,0,0,,
stephri01,1921,1,CLE,AL,65,206,45,68,17,2,2,34,4,1,23,15,,4,7,,
stewale01,1921,1,DET,AL,5,1,0,0,0,0,0,0,0,0,0,0,,0,0,,
stockmi01,1921,1,SLN,NL,149,587,96,180,27,6,3,84,11,3,48,26,,1,36,,
strunam01,1921,1,CHA,AL,121,401,68,133,19,10,3,69,7,10,38,27,,1,13,,
stuarlu01,1921,1,SLA,AL,3,3,2,1,0,0,1,2,0,0,0,1,,0,0,,
stuelge01,1921,1,CHN,NL,2,3,0,1,0,0,0,1,0,0,0,2,,0,0,,
stylele01,1921,1,PHA,AL,4,5,0,1,0,0,0,0,0,0,0,2,,0,0,,
sulliji02,1921,1,PHA,AL,2,6,0,0,0,0,0,0,0,0,0,2,,0,0,,
sullijo04,1921,1,BSN,NL,5,5,0,0,0,0,0,0,0,0,0,0,,0,0,,
sullijo04,1921,2,CHN,NL,76,240,28,79,14,4,4,41,3,5,19,26,,1,9,,
suthesu01,1921,1,DET,AL,17,27,4,11,1,0,0,7,0,0,1,4,,1,0,,
tavenja01,1921,1,DET,AL,2,4,0,0,0,0,0,0,0,0,0,1,,0,0,,
tayloar01,1921,1,PHA,AL,1,0,0,0,0,0,0,0,0,0,0,0,0,0,0,0,0
tayloza02,1921,1,BRO,NL,30,102,6,20,0,2,0,8,2,0,1,8,,1,4,,
terryze01,1921,1,CHN,NL,123,488,59,134,18,1,2,45,1,13,27,19,,4,34,,
thomapi01,1921,1,CLE,AL,21,35,1,9,3,0,0,4,0,0,10,2,,0,1,,
thomare01,1921,1,CHN,NL,8,30,5,8,3,0,1,5,0,1,4,5,,1,1,,
thomple01,1921,1,CHA,AL,4,7,0,2,0,0,0,0,0,0,0,4,,0,1,,
thormha01,1921,1,BOS,AL,23,23,1,4,1,0,0,0,1,0,1,5,,1,1,,
tiernco01,1921,1,PIT,NL,117,442,49,132,22,8,3,52,4,6,24,31,,2,18,,
tobinja01,1921,1,SLA,AL,150,671,132,236,31,18,8,59,7,12,45,22,,3,12,,
toneyfr01,1921,1,NY1,NL,42,86,11,18,1,0,3,12,1,0,2,13,,0,1,,
toporsp01,1921,1,SLN,NL,22,53,4,14,1,0,0,2,1,0,3,4,,0,1,,
torreri01,1921,1,WS1,AL,2,3,1,1,0,0,0,0,0,0,1,1,,0,0,,
townsir01,1921,1,BSN,NL,4,2,0,0,0,0,0,0,0,0,0,1,,0,0,,
townsle01,1921,1,BSN,NL,1,0,0,0,0,0,0,0,0,0,0,0,0,0,0,0,0
traynpi01,1921,1,PIT,NL,7,19,0,5,0,0,0,2,0,0,1,2,,0,0,,
twombba01,1921,1,CHN,NL,87,175,22,66,8,1,1,18,4,6,11,10,,0,4,,
twombcy01,1921,1,CHA,AL,7,10,0,0,0,0,0,0,0,0,0,4,,0,0,,
tylerle01,1921,1,CHN,NL,19,26,4,6,2,0,0,2,0,0,1,5,,0,1,,
uhlege01,1921,1,CLE,AL,48,94,21,23,2,3,1,18,0,0,6,9,,0,1,,
vangiel01,1921,1,SLA,AL,31,65,5,13,0,1,1,4,0,0,1,9,,0,2,,
vaughhi01,1921,1,CHN,NL,17,41,2,10,2,0,1,5,0,0,2,12,,0,1,,
veachbo01,1921,1,DET,AL,150,612,110,207,43,13,16,128,14,10,48,31,,1,27,,
vicksa01,1921,1,BOS,AL,44,77,5,20,3,1,0,9,0,1,1,10,,0,2,,
vittos01,1921,1,BOS,AL,78,232,29,44,11,1,0,13,1,2,45,13,,0,13,,
walkecu01,1921,1,NY1,NL,64,192,30,55,13,5,3,35,4,3,15,8,,0,7,,
walkecu01,1921,2,PHI,NL,21,77,11,26,2,1,0,8,0,2,5,5,,0,3,,
walkefr01,1921,1,PHA,AL,19,66,6,15,3,0,1,6,1,0,8,11,,0,2,,
walkejo01,1921,1,PHA,AL,113,423,41,109,14,5,2,46,5,0,9,29,,3,8,,
walkero01,1921,1,SLN,NL,38,54,2,11,2,0,0,2,0,0,2,20,,0,4,,
walketi01,1921,1,PHA,AL,142,556,89,169,32,5,23,101,3,5,73,41,,4,7,,
walshji03,1921,1,DET,AL,3,0,0,0,0,0,0,0,0,0,0,0,0,0,0,0,0
waltero01,1921,1,BOS,AL,54,169,17,34,4,1,0,14,3,0,10,11,,2,5,,
wambsbi01,1921,1,CLE,AL,107,410,80,117,28,5,2,47,13,7,44,27,,3,43,,
wardaa01,1921,1,NYA,AL,153,556,77,170,30,10,5,75,6,8,42,68,,8,29,,
wardch01,1921,1,BRO,NL,12,28,1,2,1,0,0,0,0,0,4,2,,0,2,,
warneho01,1921,1,CHN,NL,14,38,4,8,1,0,0,3,1,1,2,1,,1,0,,
warwibi01,1921,1,PIT,NL,1,1,0,0,0,0,0,0,0,0,0,0,,0,0,,
watsomu01,1921,1,BSN,NL,44,87,9,12,2,1,0,1,0,0,1,36,,0,6,,
weinele01,1921,1,PHI,NL,8,1,0,1,0,0,0,0,0,0,0,0,,0,0,,
welchfr01,1921,1,PHA,AL,115,403,48,115,18,6,7,45,6,0,34,43,,4,14,,
wetzedu01,1921,1,SLA,AL,61,119,16,25,2,0,2,10,0,0,9,20,,1,0,,
wheatma01,1921,1,PHI,NL,10,27,1,5,2,1,0,4,0,0,0,3,,2,0,,
wheatza01,1921,1,BRO,NL,148,568,91,182,31,10,14,85,11,8,44,19,,3,9,,
wheelri01,1921,1,PIT,NL,1,1,0,0,0,0,0,0,0,0,0,0,,0,0,,
whittpo01,1921,1,PIT,NL,108,403,60,114,23,7,7,63,5,10,26,21,,1,26,,
wieneja01,1921,1,CHA,AL,10,9,0,1,0,0,0,0,0,0,0,3,,0,0,,
wilheka01,1921,1,PHI,NL,4,2,0,0,0,0,0,0,0,0,0,1,,0,0,,
wilkiro01,1921,1,CHA,AL,36,65,2,8,1,2,0,3,1,0,4,19,,0,0,,
willicy01,1921,1,PHI,NL,146,562,67,180,28,6,18,75,5,15,30,32,,2,9,,
willide01,1921,1,CIN,NL,10,7,0,0,0,0,0,0,0,1,0,2,,0,0,,
willike01,1921,1,SLA,AL,146,547,115,190,31,7,24,117,20,17,74,42,,4,21,,
wilsoar01,1921,1,CLE,AL,2,1,0,0,0,0,0,0,0,0,0,0,,0,0,,
wilsomi01,1921,1,PIT,NL,5,4,0,0,0,0,0,0,0,0,0,0,,0,0,,
wingoiv01,1921,1,CIN,NL,97,295,20,79,7,6,3,38,3,2,21,14,,1,8,,
winteje01,1921,1,PHI,NL,18,39,2,5,1,0,0,3,0,0,0,16,,0,1,,
wirtske01,1921,1,CHN,NL,7,11,0,2,0,0,0,1,0,0,0,3,,0,0,,
wittwh01,1921,1,PHA,AL,154,629,100,198,31,11,4,45,16,15,77,52,,1,19,,
wolfle01,1921,1,PHA,AL,8,4,0,1,0,0,0,0,0,0,0,0,,0,0,,
woodala01,1921,1,DET,AL,46,80,10,29,4,1,0,14,1,0,6,7,,0,6,,
woodjo02,1921,1,CLE,AL,66,194,32,71,16,5,4,60,2,0,25,17,,0,10,,
woodwfr01,1921,1,WS1,AL,3,3,1,1,0,0,0,0,0,0,0,0,,0,0,,
wrighru01,1921,1,PHI,NL,109,372,59,110,13,4,9,51,4,4,18,20,,2,6,,
yaryaya01,1921,1,CHA,AL,45,102,11,31,8,2,0,15,0,0,9,16,,1,3,,
yelloch01,1921,1,PIT,NL,10,17,1,0,0,0,0,0,0,0,0,4,,1,0,,
yorkle01,1921,1,CHN,NL,40,39,2,5,1,0,0,5,0,0,1,12,,1,3,,
yoterel01,1921,1,PHA,AL,3,3,0,0,0,0,0,0,0,0,0,0,,0,0,,
youngra01,1921,1,DET,AL,107,401,70,120,8,3,0,29,11,9,69,23,,3,13,,
youngro01,1921,1,NY1,NL,141,504,90,165,24,16,3,102,21,17,71,47,,1,18,,
zachato01,1921,1,WS1,AL,39,90,9,23,1,4,0,9,0,0,2,23,,1,3,,
zinkwa01,1921,1,NY1,NL,2,1,0,0,0,0,0,0,0,0,0,1,,0,0,,
zinnji01,1921,1,PIT,NL,33,49,6,11,2,0,0,3,1,1,1,10,,0,0,,
acostjo01,1922,1,CHA,AL,5,5,0,1,0,0,0,0,0,0,1,1,,0,0,,
adamsba01,1922,1,PIT,NL,27,56,6,16,2,0,1,6,0,0,4,7,,0,5,,
adamssp01,1922,1,CHN,NL,11,44,5,11,0,1,0,3,1,2,4,3,,0,1,,
ainsmed01,1922,1,SLN,NL,119,379,46,111,14,4,13,59,2,3,28,43,,1,10,,
aldrivi01,1922,1,CHN,NL,36,100,8,26,1,3,0,13,1,0,1,6,,0,7,,
alexape01,1922,1,CHN,NL,33,85,4,15,1,0,0,11,0,0,6,16,,0,4,,
austiji01,1922,1,SLA,AL,15,31,6,9,3,1,0,1,0,0,3,2,,0,0,,
bagbyji01,1922,1,CLE,AL,25,42,4,11,6,0,0,6,0,0,1,3,,1,0,,
bailebi01,1922,1,SLN,NL,12,7,0,2,0,0,0,0,0,0,0,1,,0,0,,
bakerfr01,1922,1,NYA,AL,69,234,30,65,12,3,7,36,1,3,15,14,,2,7,,
bancrda01,1922,1,NY1,NL,156,651,117,209,41,5,4,60,16,11,79,27,,3,12,,
barbawa01,1922,1,BSN,NL,106,373,38,86,5,4,0,40,2,0,21,22,,0,14,,
barbetu01,1922,1,CHN,NL,84,226,35,70,7,4,0,29,7,4,30,9,,0,6,,
barfocl01,1922,1,SLN,NL,42,34,3,12,1,1,0,4,0,0,4,3,,0,0,,
barneje01,1922,1,NY1,NL,37,77,9,14,0,1,0,10,0,0,5,4,,0,4,,
barnevi01,1922,1,NY1,NL,22,12,1,2,0,0,0,0,0,0,0,5,,0,1,,
barnhcl01,1922,1,PIT,NL,75,209,30,69,7,5,1,38,3,2,25,7,,0,5,,
bassljo01,1922,1,DET,AL,121,372,41,120,14,0,0,41,2,1,62,12,,2,17,,
baumgst01,1922,1,PHI,NL,6,3,1,1,0,0,0,0,0,0,1,1,,0,0,,
baynebi01,1922,1,SLA,AL,26,30,2,7,0,0,0,3,0,0,0,10,,0,0,,
bedgoph01,1922,1,CLE,AL,1,2,0,0,0,0,0,0,0,0,0,1,,1,1,,
behanpe01,1922,1,PHI,NL,7,20,3,5,1,0,0,2,0,0,0,4,,0,0,,
bentora01,1922,1,PHI,NL,6,19,1,4,1,0,0,3,0,0,2,1,,0,0,,
bentosi01,1922,1,SLN,NL,1,0,0,0,0,0,0,0,0,0,0,0,0,0,0,0,0
bergejo02,1922,1,PHA,AL,2,1,0,1,0,0,0,0,1,0,0,0,,0,0,,
berryjo02,1922,1,NY1,NL,6,0,0,0,0,0,0,0,0,0,0,0,,0,0,,
bettshu01,1922,1,PHI,NL,7,4,1,0,0,0,0,0,0,0,1,1,,0,0,,
bigbeca01,1922,1,PIT,NL,150,614,113,215,29,15,5,99,24,15,56,13,,1,20,,
billijo01,1922,1,SLA,AL,5,7,0,3,1,0,0,1,0,0,0,0,,0,0,,
bladera01,1922,1,SLN,NL,37,130,27,39,2,4,3,21,3,3,25,21,,4,4,,
blankho01,1922,1,CHA,AL,4,4,0,0,0,0,0,0,0,0,0,2,,0,0,,
blankte01,1922,1,CHA,AL,24,41,3,7,1,1,0,3,0,0,1,8,,0,3,,
bluegos01,1922,1,WS1,AL,19,61,5,12,1,0,0,2,1,0,7,7,,2,1,,
bluelu01,1922,1,DET,AL,145,584,131,175,31,9,6,45,8,5,82,48,,7,8,,
blumecl01,1922,1,NY1,NL,1,1,1,1,0,0,0,0,0,0,2,0,,0,0,,
boeckto01,1922,1,BSN,NL,119,402,61,116,19,6,6,47,14,8,35,32,,2,11,,
bohnesa01,1922,1,CIN,NL,112,383,53,105,14,5,3,51,13,8,39,18,,2,11,,
booneda01,1922,1,CLE,AL,11,26,0,5,1,0,0,1,0,0,0,1,,0,1,,
booneik01,1922,1,NY1,NL,2,2,0,1,0,0,0,0,0,0,0,1,,0,0,,
bottoji01,1922,1,SLN,NL,37,151,29,49,8,5,5,35,3,1,6,13,,2,2,,
bowleem01,1922,1,CHA,AL,1,0,0,0,0,0,0,0,0,0,0,0,0,0,0,0,0
braxtga01,1922,1,BSN,NL,25,16,0,1,0,0,0,1,0,0,0,6,,0,3,,
brazifr01,1922,1,PHA,AL,6,13,0,1,0,0,0,1,0,0,0,1,,0,0,,
bressru01,1922,1,CIN,NL,52,53,7,14,0,2,0,8,1,0,4,4,,0,1,,
brillji01,1922,1,WS1,AL,31,36,0,3,0,0,0,1,0,0,0,14,,1,1,,
bronkhe01,1922,1,SLA,AL,23,64,7,18,4,1,0,2,0,2,6,7,,0,4,,
browefr01,1922,1,WS1,AL,139,471,61,138,20,6,9,71,8,6,52,25,,10,13,,
brownmy01,1922,1,PIT,NL,7,11,1,3,0,0,0,3,0,0,2,2,,0,2,,
bruggfr01,1922,1,PHA,AL,53,111,10,31,7,0,0,9,1,2,6,11,,1,1,,
bubseha01,1922,1,CHA,AL,3,3,0,0,0,0,0,0,0,0,0,2,,0,0,,
burnsge01,1922,1,CIN,NL,156,631,104,180,20,10,1,53,30,23,78,38,,2,12,,
burnsge02,1922,1,BOS,AL,147,558,71,171,32,5,12,73,8,2,20,28,,9,15,,
bushdo01,1922,1,WS1,AL,41,134,17,32,4,1,0,7,1,1,21,7,,0,4,,
bushjo01,1922,1,NYA,AL,39,95,15,31,6,2,0,12,0,1,3,11,,0,5,,
cadorle01,1922,1,BRO,NL,29,71,7,19,0,1,2,10,0,0,2,15,,0,3,,
callafr01,1922,1,PHA,AL,29,48,5,13,0,2,0,4,0,0,0,13,,0,2,,
callama01,1922,1,CHN,NL,74,175,31,45,7,4,0,20,2,3,17,17,,1,2,,
careyma01,1922,1,PIT,NL,155,629,140,207,28,12,10,70,51,2,80,26,,4,19,,
carlsha01,1922,1,PIT,NL,39,56,10,15,2,0,1,9,0,0,2,7,,0,4,,
causere01,1922,1,NY1,NL,25,21,4,5,0,0,0,3,0,0,0,5,,0,1,,
cavenik01,1922,1,CIN,NL,118,394,41,94,12,9,3,54,6,6,29,33,,6,24,,
chapled01,1922,1,BOS,AL,28,69,8,13,1,1,0,6,2,1,9,9,,0,2,,
cheevvi01,1922,1,CHN,NL,39,62,6,13,1,1,1,3,0,1,2,16,,2,2,,
chrisll01,1922,1,BSN,NL,71,152,22,38,5,2,1,13,2,4,18,11,,2,5,,
clantuk01,1922,1,CLE,AL,1,1,0,0,0,0,0,0,0,0,0,1,,0,0,,
clarkda04,1922,1,DET,AL,83,185,31,54,11,3,3,26,1,0,15,11,,0,5,,
clemove01,1922,1,SLN,NL,71,160,9,41,4,0,0,15,1,0,18,5,,0,1,,
cobbty01,1922,1,DET,AL,137,526,99,211,42,16,4,99,9,13,55,24,,4,27,,
colebe01,1922,1,DET,AL,27,25,2,4,0,0,0,1,0,0,2,9,,0,0,,
collied01,1922,1,CHA,AL,154,598,92,194,20,12,1,69,20,12,73,16,,3,27,,
collipa01,1922,1,SLA,AL,63,127,14,39,6,0,8,23,0,1,21,21,,0,1,,
colliri01,1922,1,BOS,AL,33,76,2,12,3,0,0,4,0,0,1,35,,1,1,,
collish01,1922,1,BOS,AL,135,472,33,128,24,7,1,52,7,9,7,30,,5,20,,
connojo05,1922,1,CLE,AL,12,45,6,11,2,1,0,6,1,0,5,8,,0,1,,
coonejo01,1922,1,BSN,NL,4,8,0,0,0,0,0,0,0,0,0,1,,0,0,,
coopewi01,1922,1,PIT,NL,41,108,18,29,5,1,4,15,0,0,6,6,,0,3,,
cotteho01,1922,1,CHN,NL,1,1,0,1,1,0,0,0,0,0,0,0,,0,0,,
couchjo01,1922,1,CIN,NL,43,91,3,12,1,2,0,10,0,0,6,28,,0,3,,
courtha01,1922,1,WS1,AL,5,4,0,0,0,0,0,0,0,0,0,1,,0,0,,
courtha01,1922,2,CHA,AL,18,33,3,9,3,1,0,3,0,0,3,2,,0,0,,
covelst01,1922,1,CLE,AL,35,99,4,10,1,1,0,7,0,0,6,21,,1,2,,
coxer01,1922,1,CHA,AL,1,0,0,0,0,0,0,0,0,0,0,0,0,0,0,0,0
cranesa02,1922,1,BRO,NL,3,8,1,2,1,0,0,0,0,0,0,1,,1,0,,
cruiswa01,1922,1,BSN,NL,104,352,51,98,15,10,4,46,4,4,44,20,,1,16,,
cunnibi02,1922,1,NY1,NL,85,229,37,75,15,2,2,33,4,5,7,9,,1,6,,
cutshge01,1922,1,DET,AL,132,499,57,133,14,8,2,61,11,5,20,13,,4,33,,
cuyleki01,1922,1,PIT,NL,1,0,0,0,0,0,0,0,0,0,0,0,,0,0,,
cvengmi01,1922,1,NY1,NL,1,3,0,0,0,0,0,0,0,0,0,1,,0,0,,
danfoda01,1922,1,SLA,AL,20,23,1,2,0,0,0,0,0,0,1,6,,0,0,,
daubeja01,1922,1,CIN,NL,156,610,114,205,15,22,12,66,14,17,56,21,,3,31,,
daussho01,1922,1,DET,AL,39,72,4,15,3,0,1,7,0,0,8,20,,1,3,,
davenlu01,1922,1,CHA,AL,12,3,0,0,0,0,0,0,0,0,1,3,,0,0,,
davisdi01,1922,1,SLA,AL,25,59,4,8,1,0,0,2,0,0,4,8,,0,6,,
deberha01,1922,1,BRO,NL,85,259,29,78,10,1,3,35,4,1,20,9,,1,9,,
decatar01,1922,1,BRO,NL,29,25,2,2,1,0,0,0,0,0,1,11,,0,1,,
devoral01,1922,1,NYA,AL,24,59,8,12,4,1,0,11,0,0,1,6,,0,4,,
doakbi01,1922,1,SLN,NL,37,54,2,7,0,0,0,2,0,0,1,20,,1,7,,
dodgesa01,1922,1,BOS,AL,3,2,0,0,0,0,0,0,0,0,0,2,,0,0,,
dolanco02,1922,1,NY1,NL,1,0,0,0,0,0,0,0,0,0,0,0,,0,0,,
donohpe01,1922,1,CIN,NL,33,88,4,16,2,0,0,6,0,0,0,17,,0,5,,
doranbi01,1922,1,CLE,AL,3,2,0,1,0,0,0,0,0,0,1,0,,0,0,,
douglph01,1922,1,NY1,NL,24,58,4,12,0,1,1,5,0,0,0,13,,1,1,,
drakelo01,1922,1,CLE,AL,1,1,0,0,0,0,0,0,0,0,0,1,,0,0,,
duffla01,1922,1,CHA,AL,3,5,2,2,0,0,0,1,0,0,0,1,,0,0,,
duganjo01,1922,1,BOS,AL,84,341,45,98,22,3,3,38,2,3,9,28,,1,10,,
duganjo01,1922,2,NYA,AL,60,252,44,72,9,1,3,25,1,0,13,21,,4,12,,
duncapa01,1922,1,CIN,NL,151,607,94,199,44,12,8,94,12,28,40,31,,1,22,,
durstce01,1922,1,SLA,AL,15,12,5,4,1,0,0,0,0,0,0,1,,0,1,,
dyered01,1922,1,SLN,NL,6,3,1,1,1,0,0,0,0,0,0,0,,0,0,,
dykesji01,1922,1,PHA,AL,145,501,66,138,23,7,12,68,6,2,55,98,,10,15,,
eckerch01,1922,1,PHA,AL,21,11,0,1,0,0,0,1,0,0,0,7,,0,0,,
edmonge01,1922,1,CLE,AL,2,0,0,0,0,0,0,0,0,0,0,0,0,0,0,0,0
edwarji01,1922,1,CLE,AL,25,23,0,2,0,0,0,0,0,0,0,4,,1,0,,
ehmkeho01,1922,1,DET,AL,45,102,6,16,4,1,0,8,0,0,2,10,,0,4,,
ellerfr01,1922,1,SLA,AL,91,342,42,84,16,3,1,33,1,1,25,36,,3,20,,
ensje01,1922,1,PIT,NL,47,142,18,42,7,3,0,17,3,0,7,9,,2,8,,
ericker01,1922,1,WS1,AL,30,45,1,6,1,0,0,2,0,0,3,18,,0,1,,
eubanue01,1922,1,CHN,NL,2,1,1,1,1,0,0,0,0,0,0,0,,0,0,,
evansjo01,1922,1,CLE,AL,75,145,35,39,6,2,0,22,11,2,8,4,,0,11,,
eversjo01,1922,1,CHA,AL,1,3,0,0,0,0,0,1,0,0,2,0,,0,0,,
faberre01,1922,1,CHA,AL,43,125,8,25,2,0,0,5,0,0,7,42,,1,10,,
falkbi01,1922,1,CHA,AL,131,483,58,144,27,1,12,79,2,6,27,55,,0,24,,
fergual01,1922,1,BOS,AL,39,65,1,6,0,0,0,6,0,0,2,22,,0,6,,
fewstch01,1922,1,NYA,AL,44,132,20,32,4,1,1,9,2,4,16,23,,0,11,,
fewstch01,1922,2,BOS,AL,23,83,8,24,4,1,0,9,8,3,6,10,,1,3,,
fillida01,1922,1,BSN,NL,25,38,0,6,0,0,0,1,0,0,1,3,,0,1,,
fitzgho01,1922,1,CHN,NL,10,24,3,8,1,0,0,4,1,0,3,2,,0,1,,
flackma01,1922,1,CHN,NL,17,54,7,12,1,0,0,6,2,1,2,4,,0,1,,
flackma01,1922,2,SLN,NL,66,267,46,78,12,1,2,21,3,5,31,11,,1,3,,
flagsir01,1922,1,DET,AL,44,91,21,28,5,3,3,8,0,1,14,16,,2,3,,
fletcar01,1922,1,PHI,NL,110,396,46,111,20,5,7,53,3,2,21,14,,5,9,,
fonsele01,1922,1,CIN,NL,81,291,55,105,20,3,4,45,7,8,14,18,,0,13,,
fordho01,1922,1,BSN,NL,143,515,58,140,23,9,2,60,2,1,30,36,,4,25,,
fosteed02,1922,1,BOS,AL,48,109,11,23,3,0,0,3,1,1,9,10,,1,3,,
fosteed02,1922,2,SLA,AL,37,144,29,44,4,0,0,12,3,1,20,8,,1,5,,
fothebo01,1922,1,DET,AL,42,152,20,49,12,4,0,29,1,5,8,9,,0,3,,
fournja01,1922,1,SLN,NL,128,404,64,119,23,9,10,61,6,8,40,21,,7,11,,
francra01,1922,1,WS1,AL,39,78,2,13,2,0,0,3,0,0,5,15,,0,3,,
freembu02,1922,1,CHN,NL,11,8,1,1,1,0,0,0,0,0,0,2,,0,0,,
freigho01,1922,1,SLN,NL,3,1,0,0,0,0,0,0,0,0,0,0,,0,0,,
fribebe01,1922,1,CHN,NL,97,296,51,92,8,2,0,23,8,10,37,37,,2,8,,
friscfr01,1922,1,NY1,NL,132,514,101,168,16,13,5,51,31,17,47,13,,3,18,,
fuhrmol01,1922,1,PHA,AL,6,6,1,2,1,0,0,0,0,0,0,0,,0,0,,
fullecu01,1922,1,BOS,AL,31,8,2,2,0,1,0,0,0,0,3,1,,0,0,,
fussefr01,1922,1,CHN,NL,3,6,1,0,0,0,0,0,0,0,1,6,,0,0,,
gagnoch01,1922,1,DET,AL,10,4,2,1,0,0,0,0,0,0,0,2,,0,0,,
gainede01,1922,1,SLN,NL,43,97,19,26,7,4,2,23,0,2,14,6,,0,5,,
gallagi01,1922,1,BSN,NL,7,22,1,1,1,0,0,2,0,0,1,7,,0,0,,
galloch01,1922,1,PHA,AL,155,571,83,185,26,9,6,69,10,19,39,39,,1,18,,
gardnla01,1922,1,CLE,AL,137,470,74,134,31,3,2,68,9,8,49,21,,2,17,,
gastoal01,1922,1,NY1,NL,16,26,1,5,0,0,0,1,1,0,0,3,,0,0,,
genewjo01,1922,1,BSN,NL,6,6,1,1,0,0,0,1,0,0,0,2,,0,0,,
gerbewa01,1922,1,SLA,AL,153,604,81,161,22,8,1,51,6,4,52,34,,1,32,,
gharrpa01,1922,1,WS1,AL,96,273,40,70,16,6,5,45,3,3,36,30,,4,9,,
gibsofr01,1922,1,BSN,NL,66,164,15,49,7,2,3,20,4,1,10,27,,0,5,,
gilledu01,1922,1,CIN,NL,31,15,2,2,1,0,0,0,0,0,0,4,,0,1,,
glaznwh01,1922,1,PIT,NL,34,65,5,16,4,1,1,12,0,0,1,15,,0,5,,
gleasjo01,1922,1,WS1,AL,8,14,2,2,0,0,0,0,0,0,2,6,,0,0,,
goebeed01,1922,1,WS1,AL,37,59,13,16,1,0,1,3,1,1,8,16,,0,0,,
golviwa01,1922,1,CHN,NL,2,2,0,0,0,0,0,1,0,0,0,0,,0,0,,
goochjo01,1922,1,PIT,NL,105,353,45,116,15,3,1,42,1,1,39,15,,5,4,,
goodwma01,1922,1,SLN,NL,2,0,0,0,0,0,0,0,0,0,0,0,0,0,0,0,0
gordira01,1922,1,BRO,NL,5,2,0,0,0,0,0,0,0,0,0,1,,0,0,,
gosligo01,1922,1,WS1,AL,101,358,44,116,19,7,3,53,4,4,25,26,,3,8,,
gowdyha01,1922,1,BSN,NL,92,221,23,70,11,1,1,27,2,1,24,13,,3,6,,
graharo01,1922,1,CHA,AL,5,3,0,0,0,0,0,0,0,0,0,0,,2,0,,
graneja01,1922,1,CLE,AL,37,58,6,9,0,0,0,2,0,0,9,12,,1,3,,
grantge01,1922,1,CHN,NL,7,23,3,4,1,1,0,3,2,0,1,3,,0,0,,
griffbe01,1922,1,BRO,NL,106,325,45,100,22,8,2,35,5,7,5,11,,2,12,,
griffto01,1922,1,BRO,NL,99,329,44,104,17,8,4,49,7,1,23,10,,0,12,,
grimebu01,1922,1,BRO,NL,36,93,15,22,3,1,0,11,2,0,9,15,,0,4,,
grimera01,1922,1,CHN,NL,138,509,99,180,45,12,14,99,7,7,75,33,,6,6,,
grimmch01,1922,1,PIT,NL,154,593,64,173,28,13,0,76,6,10,43,15,,3,10,,
grohhe01,1922,1,NY1,NL,115,426,63,113,21,3,3,51,5,6,53,21,,5,13,,
guistlo01,1922,1,CLE,AL,35,84,7,21,10,1,0,9,0,0,2,7,,1,3,,
haineje01,1922,1,SLN,NL,30,72,6,12,1,1,0,3,1,0,1,16,,0,1,,
hamando01,1922,1,CLE,AL,1,0,0,0,0,0,0,0,0,0,0,0,0,0,0,0,0
hamilea01,1922,1,PIT,NL,33,58,2,9,2,0,0,0,0,0,2,13,,0,3,,
hammoja01,1922,1,CLE,AL,1,4,1,1,0,0,0,0,0,0,0,0,,0,0,,
hammoja01,1922,2,PIT,NL,9,11,3,3,0,0,0,0,0,0,1,0,,0,0,,
haneyfr01,1922,1,DET,AL,81,213,41,75,7,4,0,25,3,8,32,14,,1,12,,
hargrbu01,1922,1,CIN,NL,98,320,49,101,22,10,7,57,7,4,26,18,,2,10,,
harpege02,1922,1,CIN,NL,128,430,67,146,22,8,2,68,11,10,35,22,,6,11,,
harribu01,1922,1,WS1,AL,154,602,95,162,24,8,2,40,25,11,52,38,,14,17,,
harrijo03,1922,1,BOS,AL,119,408,53,129,30,9,6,54,2,6,30,15,,1,9,,
harrisl01,1922,1,PHA,AL,47,74,4,13,0,0,0,3,0,0,1,19,,0,4,,
hartnga01,1922,1,CHN,NL,31,72,4,14,1,1,0,4,1,0,6,8,,0,4,,
hastybo01,1922,1,PHA,AL,28,75,3,15,1,0,1,9,0,0,1,19,,0,0,,
hausejo01,1922,1,PHA,AL,111,368,61,119,21,5,9,43,1,5,30,37,,2,8,,
heathcl01,1922,1,SLN,NL,34,98,11,24,5,2,0,14,0,2,9,4,,1,4,,
heathcl01,1922,2,CHN,NL,76,243,37,68,8,7,1,34,5,2,18,15,,0,8,,
heilmha01,1922,1,DET,AL,118,455,92,162,27,10,21,92,8,4,58,28,,3,11,,
heimafr01,1922,1,PHA,AL,37,60,6,15,3,1,0,7,1,0,5,12,,0,3,,
henlibu01,1922,1,PHI,NL,125,430,57,136,20,4,14,64,2,2,36,33,,8,7,,
henrydu01,1922,1,SLA,AL,4,0,0,0,0,0,0,0,0,0,0,0,0,0,0,0,0
henrysn01,1922,1,BSN,NL,18,66,5,13,4,1,0,5,2,2,2,8,,0,3,,
higbema01,1922,1,NY1,NL,3,10,2,4,0,0,1,5,0,0,0,2,,0,1,,
highan01,1922,1,BRO,NL,153,579,82,164,27,10,6,65,3,12,59,26,,4,17,,
hillca01,1922,1,NY1,NL,8,11,0,2,0,0,0,0,0,0,0,4,,0,0,,
hodgesh01,1922,1,CHA,AL,35,58,4,12,1,0,0,4,0,0,1,10,,0,3,,
hofmafr01,1922,1,NYA,AL,37,91,13,27,5,3,2,10,0,0,9,12,,0,1,,
